Date,DKNG_LogReturn,FLUT_LogReturn,MGM_LogReturn
2020-07-28,-0.013908048152152986,0.11944003686401299,0.029636526449689237
2020-07-29,0.0357382988953727,0.04531519621204249,0.05307644358536435
2020-07-30,-0.031128672673673047,-0.03785958245561432,0.02371643575729906
2020-07-31,-0.0415228987592557,-0.014100156475096796,-0.033611564013303424
2020-08-03,-0.012815832617437803,0.016529301951210506,0.014193588379532931
2020-08-04,0.0033328498292545306,-0.009884759232541973,0.024214235173994417
2020-08-05,-0.01554678871665255,0.006600684031352093,0.0
2020-08-06,0.03323575622074198,0.011447385840350967,0.09900047112497108
2020-08-07,0.012990989189522592,0.008097210232619303,0.03041044875550487
2020-08-10,-0.07553054508950388,-0.01298719552681119,0.12898878426071633
2020-08-11,0.013511605238330832,0.03468551945559369,-0.006952424988657036
2020-08-12,0.05169897609024103,-0.0025284078210623005,-0.017359196371342502
2020-08-13,0.06622271570267846,0.0372713947972316,0.009889460095239942
2020-08-14,-0.0611968909298319,-0.04362062247589041,0.02178507114168311
2020-08-17,0.02245320907434721,0.0063492276786587445,-0.0199124665644251
2020-08-18,0.07041435704209063,0.012578782206860185,-0.020317042636016882
2020-08-19,-0.02558655183838385,-0.07351197130255248,-0.002389576338129958
2020-08-20,0.001377579414864564,0.05458396141703359,-0.0033551022487805227
2020-08-21,-0.032743883663507486,0.012658396871923465,0.01571850295848288
2020-08-24,0.018602560692544602,0.002512525845320087,0.051127968262988245
2020-08-25,0.08687173824731974,0.011539227610330306,-0.008115697985194693
2020-08-26,-0.005133500951316399,0.0077220460939103185,-0.0045369491306626545
2020-08-27,0.005133500951316482,-0.009273636785329215,0.0366110455099135
2020-08-28,-0.07273041527635678,0.0396386531980801,0.045004345017254914
2020-08-31,-0.026787290300159524,-0.00905522982599995,-0.058688027096334174
2020-09-01,0.0434429820975837,-0.03213742523881441,0.011928577572267994
2020-09-02,0.07735212501029633,-0.01283475481509347,0.040874579325249495
2020-09-03,-0.04171005073936195,-0.05971921547189422,-0.02778539833541441
2020-09-04,-0.033748398754809734,-0.013468217050866593,0.019318197024461838
2020-09-08,0.0002701884021287686,-0.019856823845559497,-0.014992852018493642
2020-09-09,0.08714653828992862,0.023240921829799966,-0.0024633640650634473
2020-09-10,0.05211019195737329,0.017415082129669558,-0.01175210176889984
2020-09-11,-0.025715746368205807,0.017769449891079737,-0.004827670081927407
2020-09-14,0.15930586199388858,0.009349518835758956,0.014413814196186888
2020-09-15,-0.008468497492210555,0.041054618132946114,0.02906190153624878
2020-09-16,0.05684722172746833,-0.004507000183498799,-0.031232560748667773
2020-09-17,0.0399515747719275,0.015762978381956692,-0.021525179823523494
2020-09-18,0.04203381509932405,-0.025152718731795677,-0.022452660737587372
2020-09-21,-0.0730114143698798,-0.038629652972849725,-0.043152074659359975
2020-09-22,0.046484645596012515,-0.027133904116419708,0.024819782598768447
2020-09-23,-0.07345218353527061,0.015793451779988654,-0.011162997046859923
2020-09-24,0.008938400340462373,0.008230499136515444,-0.008926482506197552
2020-09-25,0.05051187387845999,0.07574597415796018,0.04204827810279924
2020-09-28,0.06724918509829757,-0.01794115794402948,0.023698818337803764
2020-09-29,-0.020421515867698685,-0.01449411780912435,-0.041043006791128225
2020-09-30,0.054123846160274075,-0.0005024925142773646,0.0013803285296978573
2020-10-01,0.04956681485831287,-0.010547343672307655,0.003213259670570735
2020-10-02,0.031050929257816058,0.0031695747612790395,-0.007359798118823614
2020-10-05,-0.05197018504368874,0.018809331957496293,-0.005091255934420376
2020-10-06,-0.06428532785294232,0.007487468467530198,-0.02347560313633345
2020-10-07,-0.06268507059907116,-0.004386690789281994,0.021152670018748897
2020-10-08,-0.042127628964837474,0.017310648090434845,0.019802576814467922
2020-10-09,-0.04623137126832035,0.029265638382582938,-0.026335661779860988
2020-10-12,0.035811487423936084,-0.0011827142126556052,0.001870967731897298
2020-10-13,0.011397290556726617,0.0,-0.020298026456414407
2020-10-14,-0.07335673599693948,-0.007722064291631439,0.005706149965284095
2020-10-15,-0.055329610927177135,0.01067627618906306,0.0033135601045680796
2020-10-16,-0.01477528214083974,0.014438019618620006,0.0037735299266905826
2020-10-19,0.005398161401698381,-0.014438019618620032,-0.020933244057085312
2020-10-20,-0.04707568846780276,-0.00888894741724604,0.028905203717006847
2020-10-21,-0.024516253326723005,-0.010531419008766236,0.0
2020-10-22,0.03550668845690982,-0.013017524925121576,0.05497636781049451
2020-10-23,-0.006064826530994094,0.02438192660775968,0.03219075937280993
2020-10-26,-0.0740360569680236,-0.038745028696120815,-0.054091071612836404
2020-10-27,-0.025259612444610967,0.0002225130065862573,-0.05050858352533734
2020-10-28,-0.014313822022642638,-0.03962871476830742,-0.0457058706882717
2020-10-29,-0.020657582812056666,0.10084874519416426,0.05751777423506657
2020-10-30,-0.05415635167158261,0.0026128448729177555,-0.03440377968616928
2020-11-02,0.008998926938865576,-0.026143342283111763,0.019259204437779374
2020-11-03,0.047829855201224,0.014478001276529772,0.036520871190168024
2020-11-04,0.051746832009325124,0.04334156961229648,-0.014355281959368913
2020-11-05,0.08661004108878878,0.0105064387552537,0.018484697602456576
2020-11-06,-0.01663773814295926,0.02348779862490171,0.00820793779138858
2020-11-09,-0.019566353102243302,0.0,0.13885325614764724
2020-11-10,-0.02785421662855961,-0.07464066408470535,-0.020767573786338086
2020-11-11,0.03122201848085651,0.051263983441682835,-0.03281660036458336
2020-11-12,-0.009410116308259539,0.0,-0.01216725981168255
2020-11-13,0.03782113636066695,-0.0019473693604246975,0.08919008383498243
2020-11-16,-0.002571010198357405,-0.02349866147625411,0.023278975008126417
2020-11-17,0.08691388453651307,-0.04866188912124478,-0.003400739738278595
2020-11-18,0.022696905678080668,0.023370369431365282,0.018376733514237607
2020-11-19,0.03381764295088253,-0.004983191427127673,0.012188465063436767
2020-11-20,-0.022348447518859293,0.01197620919592725,-0.03854549979684329
2020-11-23,-0.004155434328314057,-0.018343700601956375,-0.002291790732374713
2020-11-24,-0.0029190886516488692,0.0,0.08429903728041112
2020-11-25,0.04770574703894781,0.04724829174273382,-0.002111358322358953
2020-11-27,0.048951323707574525,0.027818205476530605,0.008069011213832675
2020-11-30,-0.007420819657647809,0.023695066752642897,-0.013012378907823762
2020-12-01,-0.030640400461049214,-0.026222299843434663,0.019629049196272366
2020-12-02,0.006281915111535468,-0.007304228604547181,0.018570162300711696
2020-12-03,-0.020562153912485684,0.06194746283435297,0.01890009186909228
2020-12-04,-0.01631294581843072,0.033293728099463626,0.026721180905848452
2020-12-07,-0.02716774807944386,0.007528266420791588,-0.029399348932329643
2020-12-08,0.05913847294846302,-0.015113637810048184,0.002009346043301782
2020-12-09,-0.03828506253329911,-0.0008125313447091344,0.0017718442635005268
2020-12-10,0.023625571198050043,-0.006830817967858883,0.032531128750142226
2020-12-11,-0.00039921073606798786,0.0025542798050967007,-0.024547029942924212
2020-12-14,0.009734887027178877,0.013530488332891213,-0.022450277071137458
2020-12-15,-0.0015829411616646168,0.028873953831065887,0.04148594834470826
2020-12-16,0.06330011670539379,0.024968087096847932,0.007126665957410894
2020-12-17,0.025689514117708603,-0.003152936526511244,0.004508954908521702
2020-12-18,-0.023832460880023703,-0.01489505405975578,0.017519070303162288
2020-12-21,-0.010443984609859147,-0.03614641556127638,-0.03797117242374674
2020-12-22,-0.01777990116771107,-0.007480126769385656,-0.00460214806474275
2020-12-23,0.02803830017270481,0.03805032156791589,0.020545295276805663
2020-12-24,-0.03358803998565108,-0.011246524862716593,-0.007777058961009307
2020-12-28,-0.06235326112930218,0.00995152320326389,0.017733911440119012
2020-12-29,-0.017513551106627664,0.003660772849681156,-0.016758573534092845
2020-12-30,0.017309316164669963,0.015710292906318486,0.013557368689354695
2020-12-31,-0.05005755164435244,-0.012548456848219244,0.010207457075080086
2021-01-04,-0.03719529022050488,0.016139124978947938,-0.059157834524189525
2021-01-05,0.058866000660756944,0.013622419880239631,0.02197889414605244
2021-01-06,0.02930568692877105,0.025782099842998823,0.026650914771597606
2021-01-07,0.01569417178075817,-0.012296200965160235,-0.01877689679843344
2021-01-08,0.043831316513382367,-0.0011634672632980698,0.024533170056132245
2021-01-11,0.030305321027438586,-0.009685906665968608,-0.01834331424974905
2021-01-12,-0.003925588528716398,-0.00014106120092012553,-0.016372310703241563
2021-01-13,0.022959750879284015,-0.015878948964739355,-0.008287657652673447
2021-01-14,0.005294345599937734,-0.029528683901826256,0.007957562563007267
2021-01-15,-0.02246453183711372,-0.008202455426292821,-0.01597914834215132
2021-01-19,-0.045917196471064084,-0.022833775966629062,0.02420151248097467
2021-01-20,0.036186572302224516,0.012309722718620825,0.0172108713547308
2021-01-21,0.007120154909788968,-0.0009280154929061099,0.015018802057742132
2021-01-22,-0.019418134735546187,-0.01519607930118528,-0.004450131570505668
2021-01-25,-0.02388859247646737,-0.019552992790168918,-0.04595901570134338
2021-01-26,0.052598747000197336,0.0034236140209273516,-0.013093915657989527
2021-01-27,0.003877030258853038,-0.036170120633607215,-0.04245684118780585
2021-01-28,0.03441117743565135,0.01640167667582271,0.04144252418339982
2021-01-29,-0.037363751011422086,-0.014926288300153056,-0.03441503257796771
2021-02-01,0.009747181157644764,0.018669295354675923,0.024556080171520105
2021-02-02,0.08201174491297691,0.01192614844032775,0.04574321586502247
2021-02-03,0.013398278199886265,0.0030111988405132537,0.008126024574315606
2021-02-04,0.04949495976656568,-0.009898460224225566,0.05019214247149734
2021-02-05,0.011178563878681018,0.033465156294546695,0.053062005322974434
2021-02-08,-0.030199334177920516,-0.002281065212938386,0.038659009756123
2021-02-09,0.0025785645949130817,0.014709842273104703,0.006160684958892881
2021-02-10,0.009291928688325271,-0.024603856191292083,0.0179837901658252
2021-02-11,-0.05776832445431488,0.0019968742153698015,-0.03260713537501112
2021-02-12,0.03126815673666526,-0.0030738042280455324,0.017689566251460495
2021-02-16,-0.009377377201100394,0.004683773217128381,-0.026510122168375526
2021-02-17,-0.027481611861921627,-0.016814472304414945,-0.0008578196236796586
2021-02-18,-0.009902792793359736,-0.00991662182076024,0.002285776852754706
2021-02-19,0.04413840196174186,-0.016393761489729455,0.03862759628378515
2021-02-22,-0.008905087227736575,0.05548336771535853,0.0297562090606288
2021-02-23,-0.0016578000253510334,-0.01499200700632418,0.05370248472508206
2021-02-24,0.00016587841757613708,0.014992007006324108,-0.024547559175299227
2021-02-25,-0.041838558658110314,-0.03021219958535339,-0.051252402959297526
2021-02-26,0.062363046063610324,-0.001821288901822492,0.029267899115320847
2021-03-01,0.1105154545261879,0.0458095360312942,0.01340527649891764
2021-03-02,-0.0020393217051155503,-0.00503751529388744,0.006246737061156162
2021-03-03,-0.0421413026764434,0.023937417013142597,0.007496646014416982
2021-03-04,-0.06017795599140592,0.018980430683583488,-0.040468164716036356
2021-03-05,-0.039369316850709685,-0.018224016203888634,-0.004030529372175581
2021-03-08,0.016330966821037397,-0.022146977511401794,0.018936413667779397
2021-03-09,0.027711646974245555,0.01990041127511817,-0.009744112862234002
2021-03-10,0.10794559684122787,0.026392872695726533,0.0037282476139410916
2021-03-11,0.032934128689851946,0.04538300584781775,0.04088580022136173
2021-03-12,0.0019531170976094536,0.006214981931834538,-0.005372893471915342
2021-03-15,-0.0573633948799202,0.06935462263801023,0.049547250554773346
2021-03-16,-0.009044477298650664,-0.009326040183924926,-0.02596894154367297
2021-03-17,0.05095814826709642,0.0005109219087369314,0.0325390776303958
2021-03-18,-0.04398222059813575,0.0010636262227076841,-0.04261243463401221
2021-03-19,0.06263243915779573,-0.021099567693486726,0.013075406203909436
2021-03-22,-0.0036186835305834757,0.03934433546180574,-0.025298476993832714
2021-03-23,-0.027852245055857455,-0.04443849339117489,-0.044265541707846
2021-03-24,-0.045762535348432366,-0.023161069954913016,-0.011853533437882887
2021-03-25,-0.011623599137415423,-0.0071509791108680665,0.028321496702435025
2021-03-26,-0.034917839861357845,0.03135914786623265,-0.007403590958375104
2021-03-29,-0.08872807850795215,-0.05062111416043724,-0.013896471976435766
2021-03-30,0.04698849632699378,0.003617176395721355,0.027864220500865403
2021-03-31,0.005395285320355692,-0.013250124266027565,-0.005774268228588352
2021-04-01,0.024959015613849403,-0.0042234471039780995,0.04402831417931769
2021-04-05,-0.003983751515824369,0.020918224119113774,0.04914981131045337
2021-04-06,0.01850876480075348,-0.009449839527281968,-0.004325686651309285
2021-04-07,-0.027168230558116378,-0.016176882695505528,-0.010410592677104856
2021-04-08,-0.015909418939752392,0.0011441821700611421,0.02523260264442028
2021-04-09,0.019446419701210416,-0.012895198705579964,-0.008819081127739978
2021-04-12,-0.07116185142899552,-0.011412362862287405,-0.014711401186833999
2021-04-13,0.020636920566141456,0.004294895093423317,-0.0041386644901206734
2021-04-14,-0.006095525171768501,0.0036124885600173793,0.006565157649323092
2021-04-15,-0.02406443931421798,-0.000047422395521160793,-0.03879425753594708
2021-04-16,0.008661062351362962,0.02691795056057972,0.014259280394197991
2021-04-19,-0.02267669539164202,-0.03048301672507588,-0.012748520726849694
2021-04-20,-0.017261772607749973,-0.02409755157906053,-0.005044220084880862
2021-04-21,0.053641992624532266,-0.007835525531400538,0.04087275105286944
2021-04-22,-0.02777238697581436,0.005026721369529217,-0.010982645484222897
2021-04-23,0.016480567076689327,0.040386545972820743,0.01847862396127297
2021-04-26,0.018918342235970723,0.010050307178305016,-0.0009638992981291318
2021-04-27,-0.0016897346637110725,0.020714204387563235,0.017449773549033838
2021-04-28,0.009426051276920236,-0.0022805026987252177,-0.004274324201117642
2021-04-29,-0.03807544155566023,-0.027779564107075706,-0.038821265017222245
2021-04-30,-0.014020545908518506,-0.0382334340675569,0.007394814338271482
2021-05-03,0.00738533297805264,0.007241680759219348,0.013173889052723906
2021-05-04,-0.01678337670395993,-0.0343859090556638,-0.018344474003566338
2021-05-05,0.0008903791247859336,0.017291475696363703,0.030150731223225893
2021-05-06,-0.07943474549096859,-0.002288352818253262,-0.07044830778552864
2021-05-07,-0.06921316792340636,0.012092352914874106,0.0256259521916742
2021-05-10,-0.06572326524903246,-0.010937626287557336,-0.01158980285340599
2021-05-11,-0.029772805760102935,-0.062378187482630916,-0.017898729942320325
2021-05-12,-0.04413158601663912,-0.04568747829142461,-0.042694136284858374
2021-05-13,-0.026957081203608024,-0.022279287275928178,0.008846118014804026
2021-05-14,0.09088686373278915,0.016769631464958606,0.042837477068774076
2021-05-17,-0.03122428104122386,-0.02234729869199666,-0.009247390355514851
2021-05-18,0.017316498928305245,0.0,0.0186634698431456
2021-05-19,-0.01892661307215151,-0.05129333068559242,-0.005078707451432615
2021-05-20,0.025007038372226717,0.04616150820908719,0.015911457583964922
2021-05-21,0.002018620189459253,0.038468242744096943,-0.005275802720049418
2021-05-24,0.06987379265922836,0.018408716665886758,0.050108762740167304
2021-05-25,0.011632818460749199,0.0017688308432600981,0.011197206217910417
2021-05-26,0.021251329888980392,0.01946338995041706,0.015281849365278759
2021-05-27,0.018826961769887504,-0.006904017474874318,0.02146647958297156
2021-05-28,-0.008968684984072104,-0.021867247747785704,-0.021233101067294043
2021-06-01,-0.007636714492604225,0.0013504390978715467,0.012056486721503583
2021-06-02,0.027851442425372148,-0.0013504390978714624,-0.003694284526745515
2021-06-03,-0.025031146612179866,-0.014976454189557249,-0.01585477170017849
2021-06-04,0.012395255480033757,0.03193983091694223,0.005157132927439995
2021-06-07,0.06126716378661733,-0.0008772389757606609,0.014852838657738683
2021-06-08,0.03290437377605084,0.03642941369070543,0.017129667868402833
2021-06-09,-0.014939241293075538,0.02539601624453356,-0.014071432107089022
2021-06-10,-0.015352155920774038,-0.02398660404539293,-0.020184088764627538
2021-06-11,-0.009551568672126224,-0.019654126736725973,0.012575918920305604
2021-06-14,-0.04858319482961861,0.01065085048676715,-0.023177834282237415
2021-06-15,-0.042576806359625324,-0.02088848794735542,0.00047347225538689166
2021-06-16,0.006165310377803832,0.010185431830490034,-0.003319839046542886
2021-06-17,0.007958400970662185,-0.01018543183049011,-0.017491772047974526
2021-06-18,-0.023443380122327915,-0.010610179112015571,-0.012404326669128945
2021-06-21,0.019370039227792887,0.01382400980358763,0.029658558041679165
2021-06-22,0.023397595172015364,0.022829307844447703,0.004976813816463597
2021-06-23,0.007349301863187267,0.015306421282675507,0.01919987892342608
2021-06-24,0.010434243563141208,0.006309169193264756,0.021565514050010837
2021-06-25,0.011875868152640552,-0.02433912605250496,-0.003865904341953417
2021-06-28,0.019927866636365067,-0.025961612422293973,-0.03477397304195174
2021-06-29,-0.012984721657288542,-0.01869213301215252,-0.004729367528763145
2021-06-30,0.0026871300957662866,-0.02116578992627153,0.01084416114715492
2021-07-01,-0.007117447399577131,0.031222864301543467,0.020193368664212952
2021-07-02,-0.010089345729125156,-0.0073652827095605725,-0.006223445328192341
2021-07-06,0.0040868578482162925,0.005361943141385373,-0.04734593448435111
2021-07-07,-0.05468244921211125,-0.018376365505602097,-0.021812110339022122
2021-07-08,-0.010102172026639461,-0.030106393557682493,-0.0012395283923659582
2021-07-09,0.017052325761073843,0.010330993098908309,0.031500356603787624
2021-07-12,0.0014249304156401638,-0.03246580124957711,-0.0016838957190834325
2021-07-13,-0.029520160166816328,-0.012996572827180248,-0.021417152199859124
2021-07-14,-0.062236566944136006,0.004553591427728582,-0.01686985924290825
2021-07-15,-0.0004459554712257683,-0.03405425582442646,-0.019452365396435686
2021-07-16,-0.02347209729122162,0.0,-0.03293437736303127
2021-07-19,0.01967274127482419,-0.02731581064696298,-0.034874808988957944
2021-07-20,0.025642427369676205,-0.003266861334886726,0.046929388336365965
2021-07-21,0.06464766635009307,0.041806836962235146,0.03757650547357313
2021-07-22,0.00733799868859339,0.05816782844361456,-0.015931652214956727
2021-07-23,0.001826116960410093,-0.015936378295386622,-0.012053077813627308
2021-07-26,-0.0022323826002606647,-0.041018331652783305,0.011032906493870431
2021-07-27,-0.009184690655732412,0.03398912337183005,-0.02978338843551753
2021-07-28,0.03782388171249832,-0.012574756616635738,0.009419237592905477
2021-07-29,-0.017125081778766118,-0.0022311094007024792,-0.006007655589019261
2021-07-30,-0.02625038109842916,0.003677241250702058,-0.016909237731588873
2021-08-02,0.010256500167189061,-0.029327615094520063,-0.004272263467073145
2021-08-03,-0.012527129918575039,-0.00926903371660671,-0.01130270033160952
2021-08-04,0.00576961803147614,0.04430291218369506,0.008623262752840786
2021-08-05,0.03651442294121145,-0.018504558648443397,0.06240645172603811
2021-08-06,0.021750649049522217,0.033931824606764055,0.0035228387832337005
2021-08-09,0.014815094484266723,0.012960682012087008,-0.015186378214295325
2021-08-10,-0.007283932291718505,0.07530438306413058,0.01292314873226578
2021-08-11,0.0038402651502931124,0.00444606330799051,0.020927521243062526
2021-08-12,0.04551774178351279,0.003501510716917893,0.0036913230738961572
2021-08-13,-0.020535373438654445,0.012565965808194718,-0.007396605847884218
2021-08-16,-0.01963069691514617,-0.022692067417829618,-0.02480399763479991
2021-08-17,-0.0260707722647059,-0.009285886311435074,-0.03853081793872223
2021-08-18,0.019184734749709033,-0.00420170284823771,0.018545604635521983
2021-08-19,-0.010806696484165856,-0.013058557975803688,-0.025689423694884396
2021-08-20,0.0090777525253271,-0.0059364843849282565,0.019458929503017773
2021-08-23,0.02487551407405193,-0.007673204721429295,0.02874938511921467
2021-08-24,0.05739805571455695,0.0209943019817353,0.03456771370932638
2021-08-25,0.06246668190339298,0.0463106839750714,0.029385435236457848
2021-08-26,-0.03814991710822687,-0.01594412628427401,-0.00356668447473557
2021-08-27,0.03648487693488187,0.0063979744796596365,0.03142106614541313
2021-08-30,-0.012745407016395493,-0.010514281079306936,-0.015352660888284337
2021-08-31,0.0006748931455491856,0.0028317849072906245,-0.000938107825524355
2021-09-01,0.015397763109996994,0.012213030995277957,-0.009903407241209835
2021-09-02,0.01418230596710937,-0.006138982996062357,0.00849472786003092
2021-09-03,-0.0008190554475097471,0.016798613666775986,-0.0004700908278531937
2021-09-07,0.0410972974914943,0.027752058624487905,0.020935679977967307
2021-09-08,-0.002992873614320621,-0.03069612035489867,-0.02328918484057914
2021-09-09,0.004407354602857873,0.01294414506499404,0.007582362555906515
2021-09-10,-0.01918712807330403,0.006595128781870204,-0.011052287536598721
2021-09-13,-0.03254436298849705,-0.01684651530732888,0.018972308817459777
2021-09-14,-0.023597444485473396,0.007411500529350546,-0.04000065082693168
2021-09-15,0.013289806493009737,0.007059855473859404,-0.025187722960498087
2021-09-16,0.0021701213194947784,0.04021104514952035,0.022527929599609153
2021-09-17,0.0074756881174375695,-0.00267807530570248,0.005794225410571908
2021-09-20,-0.05826887781853523,-0.04424360063402099,-0.006278719663329596
2021-09-21,-0.07710841174227832,0.044434417397688754,-0.017842397767685824
2021-09-22,-0.002656536431786128,0.03372661949755198,0.05912937451761878
2021-09-23,-0.01686188751500728,-0.010455785601486708,0.037189255840595146
2021-09-24,-0.008149019901054424,-0.00891890594579444,-0.0006721075337745307
2021-09-27,0.0011681768828593886,-0.026398794221700224,0.010478248970831635
2021-09-28,-0.028821558502693093,-0.01753579299023376,-0.0046681563698090815
2021-09-29,-0.0327764833137549,-0.006309785182886271,-0.02321757103766806
2021-09-30,-0.00331674947862314,-0.02108918900522812,-0.016092188442757546
2021-10-01,0.04863197916799944,0.010050335853501506,0.03886400616632883
2021-10-04,-0.04242208050426627,-0.011946071018400556,-0.00783280565446832
2021-10-05,0.01698254279564246,0.001542100298920854,0.01005950303695392
2021-10-06,-0.006105009379688799,-0.01897331342105601,-0.0071430572742729685
2021-10-07,0.0077267007239674905,0.04952302572421043,0.0029081353173118596
2021-10-08,-0.030018682925722087,-0.049940232913628334,-0.007623461285751129
2021-10-11,0.020044089004979518,-0.020446741151787042,-0.00022523807295557935
2021-10-12,0.0012266932386935593,0.02106985518146081,0.091784004338723
2021-10-13,0.017821473754648865,-0.00015444579639217897,-0.011152511147219744
2021-10-14,-0.009276111746027155,0.009378200853197797,0.006004710853217994
2021-10-15,-0.02627406365198791,0.020747320709948603,-0.010166927931276557
2021-10-18,0.011785511685979445,-0.008327964887265922,0.006029601383433356
2021-10-19,0.0038978123703131973,-0.0010080492118943127,-0.016090467835950435
2021-10-20,0.005105698811546457,-0.0053090911893672234,-0.0084622373380333
2021-10-21,-0.0034690777888921904,-0.011216008127290001,0.021438537245457082
2021-10-22,-0.059156413933925414,0.009947777139294756,-0.0012485783997189445
2021-10-25,0.015280596089227277,-0.005089069507471293,0.0024953620228706547
2021-10-26,0.04039474189915596,0.012170504856567031,-0.019080134717644123
2021-10-27,-0.01905210146909473,-0.011660399760278169,-0.004667846197511062
2021-10-28,-0.013683015526903132,-0.025043291620160897,-0.0010639529915006578
2021-10-29,-0.012584151344031846,-0.011834457647002796,0.004036802813302392
2021-11-01,0.050842458334444195,0.007248796155683551,0.027399120721230647
2021-11-02,-0.029395658257176393,-0.07772231218816841,-0.012247316309059033
2021-11-03,-0.01609518719393699,-0.0007895039890055939,0.016981246680709227
2021-11-04,-0.04721156095590262,-0.01338460931784121,-0.02705673724279508
2021-11-05,-0.024010244744595344,-0.0249841940863452,0.060773415012494066
2021-11-08,0.026245847623941686,-0.01561950683823226,-0.03700750710775937
2021-11-09,-0.03939937075903234,0.019302752254528675,-0.025243822626402332
2021-11-10,-0.04684078351831338,-0.003683245416296405,-0.027199475871487612
2021-11-11,-0.009047689607371926,-0.03836499082720306,-0.013992439693351963
2021-11-12,-0.0049249242446792576,0.0038270234233015897,-0.007292012044640576
2021-11-15,-0.028798728090252194,-0.012453040373789841,0.01606023513026605
2021-11-16,-0.002034635281650812,-0.0021682281803922904,-0.0037169544943915843
2021-11-17,-0.036556238700383874,-0.021754305745680196,-0.0030716709552541226
2021-11-18,-0.03356470363009099,-0.017712054400481222,-0.026270408680639727
2021-11-19,-0.01319424180327658,0.0007416479950507268,-0.0011286377160664893
2021-11-22,0.017825825726355594,-0.017985097908385095,0.005854746520264759
2021-11-23,-0.04873580180565162,-0.024954395273735473,-0.046648566303846395
2021-11-24,0.015293441504466179,-0.031478450766650096,0.00749980574920429
2021-11-26,0.012845724442506342,-0.05440485542276568,-0.02314719178115226
2021-11-29,-0.023583353864758842,-0.0031212955224039192,-0.017354104884167772
2021-11-30,-0.01863857614697272,0.025777452630589344,-0.03841363490746663
2021-12-01,-0.10070821048657279,-0.012478942193365405,-0.03287423440820275
2021-12-02,0.0019187555261230014,-0.017980247248951566,0.07371625679148537
2021-12-03,-0.09828579476856518,-0.009765611868192099,-0.02604571996107265
2021-12-06,0.07827870804363506,0.057987257650349316,0.04953675375905143
2021-12-07,0.019048199662703616,0.024177234897241995,0.012478099996532595
2021-12-08,0.06529776412352906,0.03341378783787546,0.0035033926364716247
2021-12-09,-0.05955794282709199,-0.04360478076037747,-0.015911516986128006
2021-12-10,-0.033627510733670075,0.03245374484973857,-0.019134790727167984
2021-12-13,-0.05266149049495594,-0.019414135525577293,-0.026178792571436973
2021-12-14,-0.03671435713455383,-0.03409301852199363,0.0218225467392853
2021-12-15,0.03045563351431022,0.002118293637242886,0.003389850354629564
2021-12-16,-0.06075544874355406,0.009431771551999365,-0.013873913916601848
2021-12-17,0.06075544874355417,0.02821606126069449,0.03563210941145616
2021-12-20,-0.027224607401815953,0.008077988614211678,-0.004979378433405379
2021-12-21,0.08285099829529304,0.003980952800437645,0.06309660242477048
2021-12-22,-0.02471734990592956,0.005071327020902629,0.010433998591553053
2021-12-23,-0.004406011542713908,0.021167256217377473,0.010107947239193065
2021-12-27,-0.043032307002561304,0.020240124922574165,-0.011655003046037005
2021-12-28,-0.03170298146648543,-0.0004179347843199492,-0.022141012496475775
2021-12-29,-0.027083812538700024,0.012335136883594338,0.006087261358470712
2021-12-30,0.06796434949931729,0.000444589762804651,0.006050345438230396
2021-12-31,-0.035405085381803966,0.0,0.002677402845494397
2022-01-03,0.010861842691829836,0.022848090295652383,0.013280363247825399
2022-01-04,-0.041917949491560455,-0.007099733327513074,-0.0019808500293630625
2022-01-05,-0.07726148329800162,0.03137757266085321,-0.05316187422547647
2022-01-06,0.04559757734302102,-0.08556981785279345,0.029306081454683604
2022-01-07,0.05431201052262011,0.006183026005579497,0.0047270998650643945
2022-01-10,-0.041602425463993585,0.00848848086645554,-0.02064745969625253
2022-01-11,0.030528143391281605,0.03952073831990512,0.030035146577343665
2022-01-12,-0.031676861861836776,-0.02145989503920988,-0.0033426740816286486
2022-01-13,-0.07393117718555228,0.023520282426665793,-0.012352791354894107
2022-01-14,-0.04428297746170223,-0.0204470997635382,0.004959408169159929
2022-01-18,-0.04453017861581822,-0.05704424992791246,-0.014496224877691035
2022-01-19,-0.0358000914791557,0.025781053660174195,-0.03766139826072962
2022-01-20,-0.034707526817393364,0.002460025840862399,-0.01575965043811337
2022-01-21,-0.06032234767349228,-0.024037626485409642,-0.014301544516484146
2022-01-24,0.028870154247348706,-0.02900723855553642,0.0224511588536222
2022-01-25,-0.03609037097005649,-0.024407697363372418,0.0021461769380803184
2022-01-26,0.05095681089895485,0.050524906920810304,-0.0071718475511035286
2022-01-27,-0.04734018611056515,-0.0594138543380562,-0.02576091355354529
2022-01-28,0.06247347326515137,0.04025040262129753,0.02456055842387454
2022-01-31,0.06789411329751593,0.0404074641997669,0.025846142220957016
2022-02-01,0.06950579856371479,-0.0001317233192802536,0.0331522539214436
2022-02-02,-0.08317963193082743,-0.024618490950467028,-0.011845235618033925
2022-02-03,-0.05859028715623266,-0.03954231562060255,-0.015239457370916068
2022-02-04,0.06316897983586953,0.015271748012468032,0.03565301819230169
2022-02-07,-0.017976948518487936,0.028752190444584144,0.023739176778852098
2022-02-08,0.028429279460543324,0.03329620868955614,0.034266915995304695
2022-02-09,0.0571081468330515,0.0018843586748606036,0.02758229006040136
2022-02-10,-0.027707373265704594,-0.03993246342585688,-0.03034038699387448
2022-02-11,0.02385709460162349,-0.0171037153240837,-0.03480295948499382
2022-02-14,-0.04964775951825576,0.04288172748326576,-0.017978489106023156
2022-02-15,0.06664772791229238,-0.03931418620745065,0.009584464128338204
2022-02-16,-0.031680722337790075,0.030976634108864965,0.0019943733909176522
2022-02-17,-0.04129333920334203,0.012267316431419758,-0.03354279569788638
2022-02-18,-0.24363763696957422,-0.046124400745312016,-0.0027510591232761603
2022-02-22,0.07249545729495452,0.0003432638177482088,-0.007604648870798788
2022-02-23,0.05443515559436022,-0.05663748103082166,-0.017501330909643578
2022-02-24,0.1062262015311639,-0.0033114552770360708,0.023957460367977624
2022-02-25,0.016807156177935326,0.006177278757518762,0.03633481432534414
2022-02-28,0.06453849965842039,0.02391045297896502,-0.01856665696418457
2022-03-01,-0.006779680410128465,-0.126517549311784,-0.054995928935326954
2022-03-02,-0.014129968196075633,-0.015574458030140554,0.042271402057977456
2022-03-03,-0.10349366815391375,-0.06024246305141621,-0.008727729310730634
2022-03-04,-0.010576988573371766,-0.08835855376596402,-0.04264987318713279
2022-03-07,-0.13650487505903064,-0.01299745027300564,-0.10284947838172465
2022-03-08,-0.037825570960837676,0.035448245600643295,0.003994210466270135
2022-03-09,0.022754197154802588,0.05690394677882346,0.06813322540470505
2022-03-10,-0.011312380787524164,-0.017498303609338992,0.01503048283557385
2022-03-11,-0.08732165284183085,0.04741300138056877,-0.019259866180523492
2022-03-14,-0.05420519422026475,-0.03337238057449941,-0.033205378011492453
2022-03-15,0.05544579925264673,0.013309836101610767,0.032706675830498605
2022-03-16,0.12731250248015027,0.020910276565564524,0.050582078066005495
2022-03-17,0.03591917018352097,0.011458551376156333,-0.0054690736755001745
2022-03-18,0.0326369841401608,0.02718839393768496,0.005469073675500228
2022-03-21,-0.04322463476204651,-0.02762412554695321,-0.008095182087153135
2022-03-22,0.03246352717006314,0.022228840226597425,0.0033413146036808962
2022-03-23,-0.026097514718413706,-0.029108084158070657,-0.013432771558616274
2022-03-24,0.007376186922191848,-0.05329397552532451,0.017949454484107397
2022-03-25,-0.04564542552089507,0.01913046586697542,0.000948400879526236
2022-03-28,0.024424489633184627,-0.004551002522341265,-0.00023701590843989292
2022-03-29,0.10380439193412236,0.054454934909195896,0.033103254328952926
2022-03-30,-0.013625548224186323,-0.04611261993934414,-0.010372381502619508
2022-03-31,-0.04715018522835879,0.009049427742017396,-0.028674146914938775
2022-04-01,-0.021807722593866877,0.02225061408068899,-0.00167041148026619
2022-04-04,0.06895790782222558,-0.0021944821199963026,0.014934553387212874
2022-04-05,-0.0689579078222256,-0.007207989482843741,-0.01996259501328616
2022-04-06,-0.07463298705282324,-0.07499869284729982,-0.047183253101318046
2022-04-07,-0.027524646294219458,-0.0032158659110766434,-0.014191825244442024
2022-04-08,-0.04884840098667954,-0.028849537714977086,0.0005103794960435026
2022-04-11,0.029475919115293275,0.035408107566918375,0.007876883447077097
2022-04-12,-0.027646050501435544,-0.017291497110060994,0.0010118830752911298
2022-04-13,0.0205073624675459,-0.010097335605420848,0.0428125418302329
2022-04-14,-0.015644135579606616,0.021750127443665418,0.007721994188658131
2022-04-18,-0.03141621099937769,0.0242529543917222,-0.010633092020083602
2022-04-19,0.05479152775810024,-0.01064607947072912,0.03836995376949586
2022-04-20,-0.08142589373229205,0.0033955890011381075,0.013469645963050697
2022-04-21,-0.08025700600609127,-0.02716795617977697,-0.02759758462216587
2022-04-22,-0.023248664630140647,0.007772025832197642,-0.026187620540480926
2022-04-25,0.04528816889324292,-0.025766942375881664,0.022862178785350552
2022-04-26,-0.05028994390809269,-0.055713028256039465,-0.04079216466395066
2022-04-27,-0.006467873991044798,-0.0018515799703861,-0.00024788415491300893
2022-04-28,0.016446598362939924,-0.012347376245062729,0.042941719868025675
2022-04-29,-0.030239889936137524,0.011595809636828602,-0.025738120398207134
2022-05-02,0.09144836234296255,0.005000010416705839,0.02240802362070336
2022-05-03,0.005986060674991979,0.009925639799969998,-0.027048348689788754
2022-05-04,0.04220033044834201,0.11974541951347795,0.004396702040111101
2022-05-05,-0.08556758356352034,-0.08214047203796541,-0.043079005302776356
2022-05-06,-0.09358037479068312,-0.006010582057295342,-0.025513560086627425
2022-05-09,-0.17943598202551142,-0.07339416955731011,-0.0863708372927093
2022-05-10,0.0331126354817743,0.03912960882676266,0.02971910086380167
2022-05-11,-0.10087131455756661,-0.007255444487639689,-0.031713187525916876
2022-05-12,0.10175122918391562,0.004776637093966288,-0.015807173793722564
2022-05-13,0.10351182505331794,0.08794572986633749,0.046138174181171124
2022-05-16,-0.010362796489098793,0.014979558805811406,-0.03033100038744857
2022-05-17,0.10487964272949578,0.03138755015057217,0.01752451700480034
2022-05-18,0.0,-0.010909040507418961,-0.07836291622987683
2022-05-19,0.0207076281392596,0.0002632049122322351,0.019505391196059957
2022-05-20,-0.008516722048587584,-0.014758768947699258,0.021171005045333573
2022-05-23,-0.006435499850918373,0.04295646976590859,-0.022360411403176288
2022-05-24,-0.03133220631698096,-0.04580953603129422,-0.07729428088755909
2022-05-25,0.04487003588181297,0.03293382167124885,0.031015175075654742
2022-05-26,0.007754685115085989,-0.0004320851431849825,0.07183493380740445
2022-05-27,0.03315224153060717,0.049941932683010566,0.011820757417691943
2022-05-31,-0.08282057003919055,0.0032834137716837037,0.002290389665479638
2022-06-01,-0.0029563924883154184,-0.05820745970238191,-0.022557471472509773
2022-06-02,0.05402826212300128,-0.027608932056058407,0.02712246435534225
2022-06-03,-0.11428285213196261,0.04376437227834364,-0.012027718171044956
2022-06-06,0.027908761291375452,-0.05174325188645553,0.017138480843687767
2022-06-07,-0.009988566779196358,0.02686365600383191,0.005084668021259242
2022-06-08,0.10125946309902312,0.02487959588262347,-0.0025391561767232765
2022-06-09,-0.036238440258669194,-0.05987706577184452,-0.03089883910209326
2022-06-10,-0.05350453693040782,-0.0040918170706309,-0.07689106432776223
2022-06-13,-0.17199345027084184,-0.05304520015826891,-0.10438206489414756
2022-06-14,0.051247957082413004,-0.03490260550645387,0.026539526678009816
2022-06-15,0.05202514613100462,0.04634722298601368,0.022200731997719277
2022-06-16,-0.13178073171744834,-0.030357984579563933,-0.09301743017437258
2022-06-17,0.06325503035653547,-0.018180486468090992,0.02023929447214235
2022-06-21,0.0636077023598585,0.042603216166323774,-0.010068444479893322
2022-06-22,0.02835348896609193,-0.023463632593101177,-0.012363772088445274
2022-06-23,0.043756937961636704,0.005920171296406635,-0.005871599109507548
2022-06-24,0.07863025693407288,0.07865416794780361,0.10705214140943241
2022-06-27,-0.039644776339004435,-0.06221013900389883,-0.006968696226277633
2022-06-28,-0.0637545249371589,0.024659954117722302,-0.005007541183768085
2022-06-29,-0.0278127089331351,-0.0599214375186511,-0.02404854038075492
2022-06-30,-0.0614811340848787,0.012134037559739023,-0.007570543287127589
2022-07-01,0.008532507328517444,-0.024828500104879036,0.03562712064350024
2022-07-05,0.09708505875194605,-0.013691534203291708,0.0119286168606285
2022-07-06,-0.04736484176363358,0.03803040833258442,-0.02738071724341394
2022-07-07,0.05733808217402427,-0.06337690276268164,0.007083818116119936
2022-07-08,-0.02786562714852201,0.02950910805691043,-0.0138772838977321
2022-07-11,-0.10850512767214751,-0.06906884256098637,-0.03256262017573057
2022-07-12,0.036086395266415494,-0.024874476711863377,0.017798412417823296
2022-07-13,-0.011031092839783443,0.0058260842318751775,0.004486651061256691
2022-07-14,-0.0435988830389853,-0.003602574967371662,-0.021229346043922463
2022-07-15,0.1364237682186157,0.007743367633403003,0.027750694712441674
2022-07-18,0.010827665349011903,0.005384900857916118,0.009533646367328915
2022-07-19,0.036999295791349564,0.03457718763381255,0.031685089580058674
2022-07-20,0.056911284959055404,0.031114902322639852,0.02688425224659166
2022-07-21,-0.0007004746444535169,0.013709678795353545,0.004782367528676282
2022-07-22,-0.053250041120845505,0.029820189463664538,-0.016031061857029072
2022-07-25,-0.010401237103326291,-0.06306562959320813,-0.005184736605537876
2022-07-26,-0.0568510003254972,-0.016354920355134923,-0.028003851937139012
2022-07-27,0.07827774948475608,0.05982328124379584,0.04826499268026753
2022-07-28,0.003648251936905336,-0.01662112724493237,0.03749270228780209
2022-07-29,0.0,0.0196727348087619,0.003673112867616322
2022-08-01,0.027300555093366825,-0.008426979396770527,0.0033550927763267777
2022-08-02,0.08553380857192389,0.0057360774853350525,0.0066769495019096126
2022-08-03,0.09015108629640486,0.0017914331823993687,0.03390156706326828
2022-08-04,-0.027729267919023342,0.04152165833031764,0.03589752740311109
2022-08-05,0.09330764341598917,0.026504182864560195,-0.021095395787019675
2022-08-08,0.025832776342231942,0.008325791777809977,-0.006068529254299107
2022-08-09,-0.02973792483665939,-0.027661485163757573,-0.016954579298032763
2022-08-10,0.07845057578627361,0.03269763298626091,0.01637469881105598
2022-08-11,-0.04276182967108608,0.05827414521946576,0.01239392302536968
2022-08-12,0.10875276786582187,0.13079945914840965,0.019572283708111933
2022-08-15,0.006269572642766249,-0.004128511462858435,-0.0016868216450780633
2022-08-16,-0.006753493721665314,-0.019572812129184134,0.017571079584693887
2022-08-17,-0.00436576747692335,-0.01178795575204224,-0.032596225851042375
2022-08-18,-0.04932505562306155,0.019546793740850475,0.017273502968631033
2022-08-19,-0.0763892221655735,-0.006782752015752878,-0.02530329295161478
2022-08-22,-0.05088715908092825,-0.02113893682381954,-0.02803102868249159
2022-08-23,-0.010495741200472638,-0.021310372504363323,0.015572467895604266
2022-08-24,0.022603181611028107,0.050030304565531446,0.010729447073644902
2022-08-25,-0.001146815329313759,0.005445922774511201,0.01573940351926493
2022-08-26,-0.05301592366829493,-0.00707394522328956,-0.047683522971383965
2022-08-29,-0.001816572465750154,0.012413904081505322,0.005049785127584089
2022-08-30,-0.007299353716863029,-0.011483348605070215,-0.023685688645681054
2022-08-31,-0.019729351924955722,-0.007625276234098799,-0.009756212396174333
2022-09-01,-0.006246080852892232,-0.10863768607431351,-0.005837991955364475
2022-09-02,-0.029890954759149765,0.044447987651712074,0.012555600294366965
2022-09-06,0.012191394732328668,-0.041752405956817513,-0.0027426604215811026
2022-09-07,0.04245333409715031,0.01836961585013608,0.024714921121722643
2022-09-08,0.03778555373012568,0.005992511071368356,0.013984599709721652
2022-09-09,0.03697702659492406,0.027747055839254256,0.028937160554120968
2022-09-12,0.03181968719529629,0.030681724970672966,0.027845966640520102
2022-09-13,-0.047829107622903225,-0.004807689370829651,-0.062377219366168885
2022-09-14,0.058758115503293615,-0.02069461626749767,0.004418992249489188
2022-09-15,0.04360072393368374,0.0,0.011979670058719406
2022-09-16,-0.03278976658829266,-0.020043723959900197,-0.03157070434389645
2022-09-19,0.0037563604117967922,-0.038635247314114385,0.029535587122531314
2022-09-20,-0.06643287679837762,0.02947439548316164,0.00609307890013684
2022-09-21,-0.043879518252459844,-0.056041584641680214,-0.05316767166277541
2022-09-22,-0.07061753104355308,-0.016385688978069343,-0.06849180914216588
2022-09-23,-0.03927208801493623,-0.03854015611459505,-0.018464150248705662
2022-09-26,-0.026379574537667514,0.02275795303228747,-0.001998624617720479
2022-09-27,0.048822771399272095,-0.029858574581863907,-0.0003335352197001758
2022-09-28,0.03590131863324175,-0.0010456829763207246,0.021122981752451524
2022-09-29,-0.035248775118647775,0.041088304312519176,-0.020789446532751315
2022-09-30,-0.012471417221110365,-0.029899481557226163,-0.00904376706879825
2022-10-03,0.017027213962983345,0.004101732204512265,0.02950654193522429
2022-10-04,0.08998319478870158,0.08524573610182448,0.07153777826393734
2022-10-05,-0.00894191432981777,0.01756373517550377,0.02106611905487372
2022-10-06,-0.040323105591574135,-0.011295830016360225,-0.007772854672285158
2022-10-07,0.032508153504972485,-0.0034335102718936646,-0.019394508907886375
2022-10-10,-0.148733874809162,-0.03548804279569873,-0.03931867082601129
2022-10-11,-0.042925003709366485,-0.03045233576374714,-0.027752699043045323
2022-10-12,-0.013986281249688974,0.03386797665070629,0.010740556696009262
2022-10-13,-0.02021779863049537,0.04722426154285444,-0.0055186227928265
2022-10-14,-0.05760352836089139,-0.04377614020000742,-0.0026075272535455067
2022-10-17,0.0522944033531689,0.058493672321299435,0.05121169288705376
2022-10-18,0.029964831787415127,0.03577284861430568,0.00987355683296677
2022-10-19,-0.030725522217555874,-0.02884581104238328,-0.0033830028934095885
2022-10-20,0.012854624748915917,0.030851829769249026,0.0
2022-10-21,-0.0075415425114749995,-0.06205447321104998,0.043996170183878164
2022-10-24,-0.010654617135171015,0.05222677024630888,0.0014730702112329096
2022-10-25,0.07585532015191537,0.0608484058164787,0.006455317877961439
2022-10-26,0.0348467304036411,-0.005959210720617486,0.004086500222185089
2022-10-27,0.0013688916515824606,-0.009624713374209557,0.00493962721465092
2022-10-28,0.033627916688606936,0.015507789973900798,0.04144792056057204
2022-10-31,0.043991588922204714,0.016942551671243155,-0.010904652544272099
2022-11-01,0.04031557148592999,0.012999956501221965,0.010348265672003677
2022-11-02,-0.03274933838210772,0.014605268854735646,-0.023364829498935088
2022-11-03,-0.015828123971850325,-0.08798550302886476,-0.11135969714385495
2022-11-04,-0.3260607340073033,0.04837708701052961,0.07451729031544824
2022-11-07,0.04241222040617403,0.0377852614568201,0.010289575202202066
2022-11-08,0.061621133140199465,0.014349081316503533,0.008736365711845663
2022-11-09,-0.07355651293988365,-0.040153666886840175,-0.02733456314787769
2022-11-10,0.15684250974969935,0.04159166653483933,0.050831305290319505
2022-11-11,0.08701135951026208,-0.0379282068417163,0.03670130747523794
2022-11-14,-0.009453165862617248,-0.014810639705451302,0.008698156967591169
2022-11-15,0.04510050184965977,0.023060105743849535,0.014508573108681984
2022-11-16,-0.03699235689711654,0.010235348635704987,-0.012615971953957847
2022-11-17,0.0026881711636244487,-0.03163054388660566,0.0005401595008113936
2022-11-18,0.010016816518879515,0.023096033007081858,-0.008132358809994678
2022-11-21,-0.05181801459600869,0.012190822082634488,-0.027036241217966897
2022-11-22,0.027606972348711192,-0.014706147389695449,-0.008142521509161955
2022-11-23,0.04329684426516947,0.058897658297602296,0.011492748260796666
2022-11-25,-0.013123535200331033,-0.0048304370273265194,-0.004189433361661358
2022-11-28,-0.043191621259309664,0.0017528488274143868,-0.02293103545376341
2022-11-29,-0.004146545021177181,0.0026235257723844106,0.026562841093674433
2022-11-30,0.059157039987003286,0.036866583934250276,0.027504443426634467
2022-12-01,0.012970399857799407,-0.00750282753515269,0.011061845532463067
2022-12-02,-0.0019349045974800937,0.0004748673839926084,-0.005110946374981253
2022-12-05,-0.043542488647401525,0.008441147756379087,0.019231247283523954
2022-12-06,-0.04341019983009028,-0.03364429070049514,-0.012779650708330164
2022-12-07,-0.021353138482401834,-0.0005912552148565257,-0.025510196932169764
2022-12-08,0.049817389570665456,0.010693795799398935,0.017251319583996474
2022-12-09,-0.045510102196628495,-0.00027537895380515324,-0.017993939044237232
2022-12-12,0.024762522824860907,0.016053839405082638,0.015017430396096529
2022-12-13,-0.03846627690756627,0.006350102059456074,0.015062080177597715
2022-12-14,-0.016105784582028593,-0.00668902539006282,-0.014249435447710448
2022-12-15,-0.07031161597864516,-0.015783851479611696,-0.019412750970372365
2022-12-16,-0.04121797422459,-0.038335695777782695,-0.015581878001698034
2022-12-19,-0.0386928033629422,-0.003936461815889972,-0.041219304019769705
2022-12-20,0.014474503705196798,-0.01123471007028544,0.004373755648518909
2022-12-21,-0.005084711376507949,-0.01195032797306962,0.00580218532099113
2022-12-22,-0.014548829166955433,0.014598799421152631,-0.024005827787230892
2022-12-23,-0.006052819876152626,0.01063173233502902,0.0020719171283654844
2022-12-27,-0.05527252526256553,0.0015402817245415473,0.001477300847043904
2022-12-28,0.012750659365913712,-0.04158589926586382,-0.04344570556442914
2022-12-29,0.01971392344474348,0.033644104285748926,0.025271493570234553
2022-12-30,0.010591438931983502,-0.02806269444755367,0.008085100772086422
2023-01-03,-0.030305362376726878,0.02910835750657667,-0.007483944798614161
2023-01-04,0.058012735642431486,0.0266720416993318,0.06570226921375602
2023-01-05,-0.019836829850731402,-0.03550500720754139,-0.011034186819813566
2023-01-06,0.012981625354185424,0.058196223443128074,0.05668412012105755
2023-01-09,0.03713503345489297,0.026225979150664172,0.011758516713449135
2023-01-10,0.051666078377084305,0.005777868919215047,0.03164073903581837
2023-01-11,0.027930416084099317,0.004045236372094497,-0.006973982598670177
2023-01-12,0.04195374981789609,-0.004457386657413083,0.009031114522631436
2023-01-13,0.03461048742815411,0.010231550780936566,0.015547671435475863
2023-01-17,0.0042433175539296816,-0.01098296537576358,-0.014520690222137393
2023-01-18,-0.019957877603264187,0.01678936538728227,-0.017864615978836346
2023-01-19,-0.032933877609990614,-0.009253758147124211,-0.00313969211450527
2023-01-20,0.032213659450158846,0.005255190929513072,0.023055014166741536
2023-01-23,0.047829108264686324,0.005044753134630562,0.021533505390203343
2023-01-24,0.024424528300782154,0.06318154108212536,0.009478675406524818
2023-01-25,-0.025111593162723208,-0.05032508388751577,0.0
2023-01-26,-0.017331456122462955,0.01520637544526467,0.015519490666542865
2023-01-27,0.050453765381362106,-0.03982966385327385,0.002441370264271191
2023-01-30,-0.02627300656113906,0.0273935938612703,-0.028442568378704056
2023-01-31,0.022942987421350987,-0.005192591659855706,0.038149063775637114
2023-02-01,0.0947641998588655,-0.02365680730111579,0.012002064423465207
2023-02-02,0.03224165333645711,0.05938907238924321,-0.01248516728184566
2023-02-03,-0.008852203735895509,0.007274556752027776,0.007701595244737506
2023-02-06,0.0047309325326703264,-0.06012913170653083,-0.011332186410295998
2023-02-07,0.03364585926524498,0.018705502953346703,0.01802283482038447
2023-02-08,0.007954552546435083,-0.0015831930869711608,-0.013426271213745273
2023-02-09,-0.06669133727703043,-0.020417205763228148,0.06245448439700258
2023-02-10,-0.03321344084048337,-0.0438518825288494,-0.006141191645366372
2023-02-13,0.009337112493918467,0.05029966946550507,0.006594613968976025
2023-02-14,0.02810209331688114,0.0365421452022729,0.00045321682498027354
2023-02-15,0.06867155036213882,0.0036290615792664107,0.0009058178985652169
2023-02-16,0.0016857986104388868,0.03113625584774242,0.0004526014451997193
2023-02-17,0.1426141817581309,0.010001700367380312,-0.014585476753542983
2023-02-21,-0.028644024058096608,0.02001652640875111,-0.013404449027439157
2023-02-22,-0.021778444968126382,-0.020294624950987387,0.006724684252288509
2023-02-23,-0.025409702599449673,0.0024161527254666975,-0.002777111924396608
2023-02-24,-0.045670055557650045,-0.04113622611170594,-0.012828235435065375
2023-02-27,0.032984807364029485,0.012451211817662546,0.005618031684786393
2023-02-28,0.0031864803135190625,-0.020784113350605864,0.003960358629251442
2023-03-01,-0.029049966979618428,0.02658483381106144,0.0313563338013299
2023-03-02,0.01409238669153476,-0.03447646462782084,0.019855629987783802
2023-03-03,0.024456348168185198,0.018767337796009528,0.014038383377777717
2023-03-06,0.007847260401966406,0.023211783119406155,-0.013596677154598474
2023-03-07,0.008819775525250245,0.037045748801036046,-0.010431816219040201
2023-03-08,0.011299519830985965,-0.039315171119401714,0.008000056230661372
2023-03-09,-0.043848368609109165,0.004472609298849069,-0.04527708564033505
2023-03-10,-0.010190516672099099,0.02069163391629283,-0.011646998570311944
2023-03-13,-0.017949893779181825,-0.0014981276210219922,-0.02227049172239238
2023-03-14,-0.007713503401217423,0.019302752254528675,0.01403615592801465
2023-03-15,-0.004990315504516613,-0.04762817815261368,-0.03094887461881281
2023-03-16,0.028495103710997286,0.024997550703914448,0.021931227929406105
2023-03-17,-0.03518776281612094,0.004826002815192575,-0.016827338319401093
2023-03-20,-0.036471352162582175,-0.015022487176491418,0.013005985586942983
2023-03-21,0.06079530554687092,0.04394155164234019,0.02107333521624266
2023-03-22,-0.03898037235139377,-0.009175134260075851,-0.0258706761601951
2023-03-23,-0.007409613127951413,0.032291593215526854,-0.008693621807556073
2023-03-24,0.014200750227986114,-0.03141137310905503,-0.0029147198595468058
2023-03-27,0.0045019730476570435,0.00829491415360414,0.014968867877229402
2023-03-28,-0.011293110147691774,-0.008470896202815168,0.0019152945806602327
2023-03-29,0.06857635240004853,0.03968323495492835,0.029923316577310403
2023-03-30,0.0026475650336661655,0.023130438070188563,0.005786383218398263
2023-03-31,0.023518238773652066,0.000550846071954492,0.02484449923470225
2023-04-03,-0.01666703592721668,-0.008849648886649507,-0.0038344057909397962
2023-04-04,0.0020985845738685665,0.006401719969053453,-0.004984179410626278
2023-04-05,-0.060493650123363774,-0.014769969639569981,-0.019493759889124784
2023-04-06,0.01107435287258815,0.026262739547067013,-0.004642551590443737
2023-04-10,0.009863110377538892,-0.010008978781516934,0.004642551590443784
2023-04-11,0.02210927726815058,0.02892846202768267,0.004159939053576844
2023-04-12,-0.011802675063269286,-0.0026540952602726936,-0.008802490644020519
2023-04-13,0.02504790181329001,0.01990734340783226,0.014322234794021692
2023-04-14,0.008385785412396695,-0.04263280341712548,-0.0011474295779553333
2023-04-17,0.01707673719707999,0.026717348111225885,0.00754897396895182
2023-04-18,0.07080414106774327,0.02919527262524686,0.016050962312643694
2023-04-19,0.02221785171621869,0.013976899239961876,0.001120682338899586
2023-04-20,-0.00046762821617971,0.0,-0.0008964795868191149
2023-04-21,0.027221988799040846,0.01398624197473987,0.006258460200313409
2023-04-24,-0.0258197596680936,-0.013013591253205,-0.0029008402929353093
2023-04-25,-0.018383708248312057,0.0028612197891868876,-0.029710800708698165
2023-04-26,-0.029449417880714833,0.016445658439807196,-0.02494010458293249
2023-04-27,0.02611371343968412,-0.021560759106577624,0.02378844631438426
2023-04-28,0.04480446385776774,0.01778954156349824,0.03465410336405255
2023-05-01,0.03100677651435981,0.0025157245972473705,0.024627514631487765
2023-05-02,-0.02554473117452348,-0.017949035464743666,-0.00195673833377467
2023-05-03,-0.005005726422530032,0.0027588699707685577,-0.049290811783036154
2023-05-04,-0.028223044511214188,-0.018850038985951802,-0.021491301386749706
2023-05-05,0.14275667998482164,0.020165477526716356,0.007678874577253636
2023-05-08,-0.01640724322633878,0.010098762743675592,0.00693001719931468
2023-05-09,0.008237231822451375,0.011285386231666607,-0.0011516582685482087
2023-05-10,-0.002052935970463766,-0.006053230090296609,-0.011823444071668044
2023-05-11,-0.0136563233116885,-0.0035437627900666096,-0.008430977432359276
2023-05-12,-0.019777598426970428,0.0043463091842884825,-0.013019457808956502
2023-05-15,-0.0017014429939527596,0.012308007234080716,0.017009562170319983
2023-05-16,-0.024564893751777454,-0.007057323538005862,-0.036740704396979344
2023-05-17,-0.0026212101090372815,0.008220477104157044,0.02495922938211739
2023-05-18,0.047831445443766274,-0.008220477104157083,0.017620566882916324
2023-05-19,0.005406586998392198,0.016079505374348147,-0.010770394311306242
2023-05-22,0.045010585802177566,0.020644327580345984,-0.00353726836820459
2023-05-23,-0.038396264710737114,-0.02044806077502592,-0.05237569500094899
2023-05-24,-0.004956674297072948,-0.04694063453887375,-0.00849995962324993
2023-05-25,-0.019231323588451157,0.003132148139888856,0.003258487703958892
2023-05-26,-0.01317212056571577,0.016474279124829013,0.010703283594611247
2023-05-30,-0.003856796942427728,-0.015475022932340574,-0.018743520399447204
2023-05-31,0.0021445101898838717,0.00025606478883792106,-0.008868637192263232
2023-06-01,0.04564326436547128,0.014865926440675883,-0.00433623900910145
2023-06-02,0.019858799219312856,0.007313268551971813,0.039839922162826294
2023-06-05,0.015133668596957408,-0.018601389270763578,0.0012274271493758723
2023-06-06,0.026522628044839958,-0.005115100666770377,0.013403467476962394
2023-06-07,-0.03605406546584041,-0.015504186535965199,0.005311393597155088
2023-06-08,0.01975568045829679,-0.002659755405278505,0.0009627176739188598
2023-06-09,-0.02455564694947317,-0.0021434185180819127,-0.005790073096372562
2023-06-12,0.020635595504232013,0.0032394360277314157,0.03494941193513984
2023-06-13,0.02635812767692303,0.030748302636610568,0.03286519676855302
2023-06-14,-0.03384874533173413,-0.009484029440026197,-0.008856635410292473
2023-06-15,-0.017565343067585178,0.013623402438421736,-0.0027409548910544202
2023-06-16,-0.012971389569097982,0.0233763470092143,-0.025012925685740983
2023-06-20,0.010148250182085983,0.010637015953317893,0.009801758285187801
2023-06-21,0.007644395715851557,-0.0027255281388606878,-0.003023634483563007
2023-06-22,0.021412356632481606,-0.024915441882253524,-0.010066813414781531
2023-06-23,-0.018211076532161165,-0.033724645196160995,-0.026706377800619872
2023-06-26,0.005974907859386714,-0.004774507973423364,0.008901753167113268
2023-06-27,0.030506815833071826,0.027709089384049434,0.016391830090505113
2023-06-28,-0.011623503328078696,0.011865753842146347,-0.0018867462454869484
2023-06-29,0.023494267881824946,-0.0253293407503824,0.015228072628725574
2023-06-30,0.011355127163206585,-0.0016835862036084898,0.02093714773998561
2023-07-03,-0.012116759248361766,-0.00339630674786923,-0.0027359555469024764
2023-07-05,-0.006497254904561909,0.0013908069797474267,-0.03036500633434079
2023-07-06,-0.0331349896237302,-0.04619408399558578,-0.009458607221594735
2023-07-07,0.05475539178845175,0.023274191898837324,0.02348076876113468
2023-07-10,0.07966743819663488,0.014042334230148609,0.0544213707880141
2023-07-11,0.0034589614095745175,0.03669517646990847,0.024317284739611457
2023-07-12,0.05148321758937782,0.021053409197832263,0.009393801784404326
2023-07-13,0.026219319677665175,0.022681949212127888,0.04019281743097885
2023-07-14,-0.024253412526909053,-0.015939997511667844,-0.015013204494682712
2023-07-17,0.022334657000786105,-0.011655966502889097,-0.0014515232624028693
2023-07-18,0.0015992692952913092,0.0017128534215215306,0.03466906748418629
2023-07-19,-0.014161824223509391,0.0025882284778690275,0.0008014609855905383
2023-07-20,-0.005525776270589126,-0.0358273510609477,-0.0036115670199886214
2023-07-21,0.012953536598571881,0.003425762695575881,-0.002616506866848617
2023-07-24,-0.015237750147752334,-0.00048143934743989707,-0.012573658627126621
2023-07-25,0.012015047315685168,-0.025567364763856914,0.01438580357858692
2023-07-26,0.016963142820347936,-0.0015612964367278394,0.00921110030994347
2023-07-27,-0.017608943882738023,0.0017172841598740523,-0.0015958115833570926
2023-07-28,0.044844962086141006,0.02414845031491455,0.0160415631186513
2023-07-31,-0.01870379852158585,0.011700997941877069,-0.0025573155587277204
2023-08-01,-0.007263617909478778,-0.022062545880700397,-0.014682836875032947
2023-08-02,-0.04240802106281731,-0.03708968462711438,-0.015510442481924847
2023-08-03,-0.008301558613509247,-0.005871331804856995,-0.0737020482270053
2023-08-04,0.056713722758135826,0.027456829896006105,-0.016970030231127406
2023-08-07,-0.003471697102387449,0.007885516351609584,0.015658034434043552
2023-08-08,0.002526048893647152,-0.013369290689839398,0.006325703453498024
2023-08-09,-0.11518467432284836,-0.026910267204146864,-0.0052322263266440785
2023-08-10,-0.018211545163082744,0.0027935390219028587,0.01583031097350937
2023-08-11,0.057418619471061284,-0.017753220527547367,-0.014083164220818024
2023-08-14,-0.001021235128649283,-0.00866567086413317,-0.003716300714400783
2023-08-15,-0.03571191338547472,-0.015907447929647392,-0.03295043286029484
2023-08-16,-0.03557047427245484,-0.01049283430405978,-0.010237849942651988
2023-08-17,-0.03612380468642225,-0.026128785988152124,-0.027354517867913146
2023-08-18,0.007555716095490759,-0.02599533666350502,-0.00023500579530586133
2023-08-21,0.026737619982340737,0.027155748456107895,-0.005894158160467842
2023-08-22,-0.001833895389440688,0.005609065704145839,0.00824209241034057
2023-08-23,0.02070917616318089,0.020179085918971267,0.010498189625362562
2023-08-24,-0.020342127932822373,-0.017420790463730105,-0.016142556943269017
2023-08-25,0.03249381992512378,0.023308867446327333,-0.005439373887943261
2023-08-28,-0.0014219344029674271,0.015994963881084075,0.022509811087091547
2023-08-29,0.027370086719992668,-0.003766650885380275,0.010379536107643887
2023-08-30,0.026640943522745476,0.0031029977510849257,0.0102728205108987
2023-08-31,-0.0006743242961712578,0.01782089657011149,-0.0011362173251480083
2023-09-01,-0.0003373327422484175,-0.0120560890661748,0.008377699632037026
2023-09-05,0.003704352155910908,-0.019440196961511523,-0.02580929502752071
2023-09-06,0.020626174699650137,-0.02870383351128672,0.005767693759527221
2023-09-07,0.02600078953562913,0.016146046766673795,-0.0016115968173489933
2023-09-08,0.02158129776832585,0.019293523091647162,0.007803577357488838
2023-09-11,-0.0018855902733084442,-0.007240624648870913,-0.024064115520334377
2023-09-12,-0.0352149176886088,0.005623756739520002,-0.016767403432899522
2023-09-13,0.000651418607377257,-0.01566246583432604,-0.012461230975012082
2023-09-14,0.025081723203832063,0.03231888080011791,0.0026490227726735185
2023-09-15,-0.014393303034436268,0.01735485387639954,-0.012097896833519717
2023-09-18,0.006742651372311084,-0.021424177607735143,-0.019418107706561126
2023-09-19,-0.03782648046940685,-0.005663981895126582,-0.02742655566753643
2023-09-20,-0.000332399167732522,0.008525237718482978,-0.011030002769158144
2023-09-21,-0.04661503430109552,-0.0405072896008791,-0.04591840152972674
2023-09-22,-0.03364931836054909,0.0004862597673444205,-0.013320785954929831
2023-09-25,-0.014514028821106075,-0.061075087037833944,0.00871939279497648
2023-09-26,0.02026116556424217,0.01956420564636469,-0.00027139157281491746
2023-09-27,0.038641982603354226,-0.01871350747324049,-0.00981728078115562
2023-09-28,-0.0031061336933082355,0.024953331862439827,0.004102226701513664
2023-09-29,0.017475182464410405,-0.04867763693355746,0.003269728679481154
2023-10-02,-0.013680090518200882,0.001367401677029976,0.0008158421745615129
2023-10-03,-0.041123349876733,0.0026362924331801833,-0.029515303819388113
2023-10-04,0.027951545469668684,-0.026203761837093227,-0.015801721705355966
2023-10-05,-0.01017013867347465,0.021702358172513578,-0.010579052997492002
2023-10-06,0.043792501433248386,0.0018651112313996852,0.04743413717811489
2023-10-09,-0.002026325132315136,-0.032831211960152824,0.01900683784357661
2023-10-10,0.023058683452899218,0.06907330172209186,0.005632282163736193
2023-10-11,0.01540759250840451,0.006317524656856806,0.01644596617750114
2023-10-12,-0.042531350707196394,-0.014177440291192823,-0.02261632900320081
2023-10-13,-0.031376470578424465,-0.0327582128578506,-0.01956587513400212
2023-10-16,0.042851458530267596,0.02929891440076383,0.013898633336703065
2023-10-17,0.01498781656748711,-0.0003817667543986084,-0.002981452513084278
2023-10-18,-0.05748906570496339,-0.055768985627510266,-0.033396205933295287
2023-10-19,-0.029852969220946355,-0.008042507403245951,0.010053159132251948
2023-10-20,-0.023728057198309883,-0.02773908001745452,-0.020775639469693026
2023-10-23,0.03912124868174602,0.051359692464965565,0.038674993889585146
2023-10-24,0.03627886212755647,-0.009916484832521512,0.0005457151014516262
2023-10-25,-0.06510966034623838,-0.005982101235276788,-0.05696584899134464
2023-10-26,-0.04219409066799456,-0.027621577309929417,0.006045767106007915
2023-10-27,0.01589137061339297,0.0212551655901128,-0.017663717195055335
2023-10-30,0.010455684849532543,0.005757244030855442,0.017376697780180445
2023-10-31,0.025670670755508686,-0.001958188590606578,0.0025805415865963618
2023-11-01,-0.014220888491471823,0.009593933142755235,0.0014309074467376284
2023-11-02,0.06228663122202536,0.05636950536417583,0.03594879531824728
2023-11-03,0.15237449622185048,0.026919097371285065,0.05134846128076761
2023-11-06,0.03922066968094675,-0.004108089712051047,0.003139692114505236
2023-11-07,0.023371522619562147,-0.023804272206422304,-0.00026122329692249683
2023-11-08,0.0030568485241786137,0.016988786886217914,0.009880503113798494
2023-11-09,-0.034724716868830593,-0.10602524239534666,-0.011449577014436472
2023-11-10,0.006300061087636173,-0.022186325438876525,0.013775463806905733
2023-11-13,0.01557893133868823,-0.0017786077562533832,-0.02086677299482402
2023-11-14,0.03994462825955289,0.0642549244876678,0.05935245021048605
2023-11-15,-0.011133851881446548,-0.0016264367136497374,0.009148357767502814
2023-11-16,0.0186669139618249,-0.028120248298115786,-0.01039103814793256
2023-11-17,0.028014452380960588,0.009723919828364905,-0.010248805019475308
2023-11-20,0.008046802053238256,0.014156510600189262,0.012732718076261475
2023-11-21,-0.011702142740467311,0.004157474540745454,-0.011226281100289405
2023-11-22,0.011702142740467353,0.04601890362561124,0.012218026802844315
2023-11-24,0.0005169412750836966,-0.07418703018253371,-0.003226942204720102
2023-11-27,0.0012911360494222526,-0.011401024174124964,-0.004235760230461229
2023-11-28,-0.011680879532846026,0.02112620421140579,-0.00802209616005074
2023-11-29,-0.0007835648674757544,0.029936401960636752,-0.007579602675422323
2023-11-30,-0.0007841793228743837,-0.011335153504365134,0.00025353928546126053
2023-12-01,0.019679514053486623,-0.012105875357748083,0.03488150211801902
2023-12-04,-0.047521775119020074,0.003104155392104028,-0.012070640132825968
2023-12-05,-0.02037283630523114,0.002572015449188869,-0.03070189338097289
2023-12-06,-0.011315143825580666,0.042014458152327794,0.006114614306562279
2023-12-07,-0.017357629065177353,-0.008469881982080187,0.011114093682892748
2023-12-08,0.013743076183185656,0.01444157106278802,0.039645640252061805
2023-12-11,0.01630095844852613,0.00852966909276214,0.04991626507325216
2023-12-12,0.003556213632477215,-0.007618821034011045,-0.003912143614370806
2023-12-13,0.021878019990751257,0.00181930340648407,0.008723679584322972
2023-12-14,-0.03424253472914697,0.020966148477807898,0.020586630191731545
2023-12-15,-0.02293164616274129,0.008583811783353055,-0.035555281288876465
2023-12-18,-0.004536436869232484,-0.004421525257877374,0.010157115127192818
2023-12-19,0.015788356831559644,0.04480109655576317,0.03342676881292175
2023-12-20,-0.041696475965644623,0.013361909173672871,-0.034575780442730936
2023-12-21,0.023632214389949346,-0.002154111681065329,0.022733417340920496
2023-12-22,0.017224782618195943,-0.006810830175746556,-0.002475540972844432
2023-12-26,-0.004770655394293081,0.012381875225201972,0.006289301423416846
2023-12-27,0.006728415570244745,-0.0041753714104806215,0.0029066776642942545
2023-12-28,0.0022327114083246333,-0.0242240647374916,0.00578804645930454
2023-12-29,-0.017435732508515957,0.02282839109851682,-0.008246986087699146
2024-01-02,-0.048534823080751896,-0.026722611595777577,0.017746677785916338
2024-01-03,-0.04165377125811762,-0.02928628245259304,-0.02741728736323248
2024-01-04,0.020587667753827116,0.008765051962459395,0.002257302896262548
2024-01-05,0.00908269128664546,-0.02184877668354917,0.010764924661551508
2024-01-08,0.01287636593695372,0.02506480024268956,0.023805355925747375
2024-01-09,0.01857094039734815,-0.018424273583857783,-0.028724892115381692
2024-01-10,-0.019761798392968356,-0.03213487808414261,-0.025426997618256057
2024-01-11,-0.004179092340407185,-0.02750490391769611,-0.0018412394074000839
2024-01-12,-0.014462425457831326,0.0013057472146012967,-0.02424928636722833
2024-01-16,0.02131890012647282,0.04989600585284407,-0.002362914021018573
2024-01-17,0.04103587122073378,-0.012066511413116479,-0.015256538543987359
2024-01-18,0.06806100009622856,0.15527730989723082,0.029117917421790058
2024-01-19,0.0021287399342549895,0.03653376111212642,0.0032611114075444545
2024-01-22,0.008470132829811886,-0.006761798801476374,-0.010285238392997925
2024-01-23,0.009182861089075855,-0.0012114148959620173,0.011447335851004218
2024-01-24,0.004429926956416267,0.024938948347252146,-0.004423208865550901
2024-01-25,0.005962416861723,-0.009851348304297845,0.017576732000641387
2024-01-26,-0.00544251931633291,0.019655348400918704,0.000687580956085314
2024-01-29,0.03648830133598244,0.002436054797881121,0.004571366777752097
2024-01-30,0.009476406689351563,0.006064299967511446,-0.004342336393611795
2024-01-31,-0.03126046517850152,0.004295474115757612,-0.006664414407584557
2024-02-01,0.04015601678262259,0.00891793134263411,0.030429236549573423
2024-02-02,0.022860883892865027,0.03286680808035214,0.0037951152449256617
2024-02-05,0.008618693676410678,-0.021004272770532125,-0.008278439695918304
2024-02-06,-0.005018509238608017,-0.012960970003412385,0.00403588689820971
2024-02-07,0.020394275595087382,-0.009602992886765718,0.0006711239273337764
2024-02-08,0.00491753477902748,0.011655611573069774,0.03752495246122001
2024-02-09,0.013226777785426858,0.033527975072726826,0.006654556416780858
2024-02-12,0.005287965829329198,-0.015803299520955827,0.00597268782600737
2024-02-13,-0.021321827249399586,-0.045037522098928966,-0.029350415087612325
2024-02-14,0.027493991147807678,0.01965368592156666,-0.06468455299775809
2024-02-15,0.013131228195130372,0.029358153990805727,0.006984876944415852
2024-02-16,0.0024710921674601723,-0.004255442166848065,-0.013078130412823472
2024-02-20,-0.07571434324558217,-0.0328210621521829,-0.004240296151772415
2024-02-21,-0.013890797178898545,-0.00519510474978004,-0.0014174671260442793
2024-02-22,0.0022061573458294474,0.026658014351805672,0.0030685983908480237
2024-02-23,0.010716094569309215,0.004728588440976547,0.0035290360613394753
2024-02-26,-0.022786734702135072,-0.005107851899691233,-0.01968525117116144
2024-02-27,0.027620015425682952,0.02620648889814624,0.005970166986503754
2024-02-28,0.020284725463939602,-0.006255116526589015,0.004513575302724012
2024-02-29,0.023118317298606448,0.012517226539920783,0.025507412747347746
2024-03-01,0.004835912433300582,-0.008574249771711355,-0.007421177443988877
2024-03-04,0.0303190686618237,-0.006316204410402225,-0.022361783662143545
2024-03-05,-0.05144579457411947,-0.003032892645516186,-0.0004761105581938717
2024-03-06,-0.023502514744881232,0.028243519380808386,0.0009520853042966534
2024-03-07,0.02256361560379819,0.005436821114196631,0.020721275474024765
2024-03-08,-0.019924760606542774,-0.015114588334162756,-0.010306922379540154
2024-03-11,-0.002879146559503819,0.0022909517465557624,0.003994792475633158
2024-03-12,0.017151474008610584,0.012733246311498216,0.0037453192185347194
2024-03-13,-0.0023645901761547654,0.019377250300072636,0.0014009195239550849
2024-03-14,-0.00308242246637978,-0.01221813766746759,-0.0021020713442857514
2024-03-15,-0.00786752975703966,-0.031075910324735286,0.0025686087302178215
2024-03-18,0.0408028861551383,-0.007525866422749986,0.028507628504030668
2024-03-19,0.005956451145896402,0.005811942514688924,0.007901661796660598
2024-03-20,0.055316748600172494,0.007160224898549404,0.003143230849477045
2024-03-21,0.03566500442837029,0.0036297372586722556,0.003133381898746238
2024-03-22,-0.015764908485112073,0.0037994225426296077,-0.006276612748223104
2024-03-25,0.0025391239055126105,-0.00858057040634358,0.0017973048187122076
2024-03-26,0.02833524172735042,-0.010003805548953209,0.04197957084519816
2024-03-27,-0.0708581314739224,-0.060191269766224936,0.003008800750865484
2024-03-28,0.00132219883521155,-0.024014300262489595,0.013005206778120925
2024-04-01,-0.010404105550773068,-0.005687368066022258,0.01200140118371305
2024-04-02,-0.00513106642998605,-0.02266149371846874,-0.028876754948344196
2024-04-03,0.0011176761755915484,0.03686978555333352,0.00708389433378904
2024-04-04,0.013536224189082836,0.0090462811765598,-0.019220964995919725
2024-04-05,0.039542838621932565,0.001541164897798797,0.014503948883026158
2024-04-08,-0.0364618636082055,-0.04392130841571455,-0.004955295007787982
2024-04-09,0.0006590355921243448,0.0332836828154729,0.002373005351246571
2024-04-10,-0.012373144385279346,-0.018751800995856896,-0.03798896893400618
2024-04-11,0.010174807836701553,-0.019110161645381308,0.000894875112170222
2024-04-12,-0.0272155411562955,-0.028348191037903606,-0.051387489985722436
2024-04-15,-0.011371511805257684,-0.012958494420857124,0.008672243276309718
2024-04-16,0.02752254496959126,0.0017375653358982172,-0.0035066713319988818
2024-04-17,-0.06267109809427397,-0.01657450484820445,-0.015815318128603036
2024-04-18,-0.013595909015636665,0.012279456217561909,0.00023794781286942313
2024-04-19,-0.02332465040672746,0.00005453575813747032,0.008998338185364496
2024-04-22,-0.0032008169355833113,0.007111658569182162,0.0002357604350422979
2024-04-23,0.01614516138794184,0.026846168784760184,0.009849943027325656
2024-04-24,-0.008774139181786184,-0.01860370445396962,-0.003272546016538422
2024-04-25,0.005858002656028222,0.005030527778336385,-0.012486881131762566
2024-04-26,0.04845404881594703,-0.009978626764584842,-0.026181395676888406
2024-04-29,-0.008148160304945338,0.010458927443014247,0.01257575105441368
2024-04-30,-0.028932475845222273,-0.00620856032428756,-0.05356004274855419
2024-05-01,0.0062364874285210274,0.018616569259808046,0.007829346185658774
2024-05-02,0.028522831778732244,0.00954539865099156,0.027786430341388325
2024-05-03,-0.028522831778732126,0.02474609709285049,0.004150951728955872
2024-05-06,0.05240458522597617,0.03266163414512419,-0.0007313246949499844
2024-05-07,-0.01762665454050391,-0.000049259503700519395,-0.009063110224001785
2024-05-08,-0.011380865152997296,-0.015547338773971705,-0.01487381093939535
2024-05-09,0.028099439807714278,0.02413571637527164,0.020027806640456544
2024-05-10,-0.017411627227279822,0.011514739893549248,-0.0068779142566416955
2024-05-13,-0.001387636060048802,-0.013814103561695877,0.008834428264200413
2024-05-14,0.02106791872930679,-0.011675848137630196,0.008757064110746435
2024-05-15,0.04475714652703511,0.04798752971324211,0.00627714086839692
2024-05-16,-0.025901366084877243,-0.019795985291070402,0.002403902309102328
2024-05-17,-0.01704464079789986,-0.005168255063277506,-0.014997928545982326
2024-05-20,0.011469869013876269,0.01585429810714272,0.008010768254606173
2024-05-21,-0.030422326122400044,-0.0005244492666446992,-0.013387061888663461
2024-05-22,-0.034712666675775744,-0.015668924839486797,-0.015060168464990949
2024-05-23,-0.031517834320787134,-0.032294205625590565,-0.03210184514211407
2024-05-24,0.005159154044097584,0.020991936419750154,0.02008970044822403
2024-05-28,-0.10860573926469778,-0.08046331426701613,-0.018806187573816163
2024-05-29,-0.01791425966004619,-0.01352491012454275,-0.007209062585928622
2024-05-30,-0.00390079603095349,0.011239031131932977,-0.004402492793755413
2024-05-31,-0.01945089143048031,0.02205411919763817,0.04168327583237065
2024-06-03,0.011040434329078188,-0.015476514773887406,0.0009952953519853291
2024-06-04,0.0,0.013444155771769559,-0.01933520322585201
2024-06-05,0.0315903072378543,-0.02744680663518072,0.023554144421599695
2024-06-06,0.024253452653340755,0.02132482857913988,-0.007207708875732773
2024-06-07,-0.01799919583924746,0.005339231002458463,0.014855397802962479
2024-06-10,0.03096056919331578,-0.02494976480617827,0.001964199795603954
2024-06-11,0.004981067819436372,-0.019893666372797818,0.0
2024-06-12,0.016855000397189995,-0.007233261198144615,-0.007385539008180981
2024-06-13,0.0023115498625124508,-0.0180355043589651,0.0014814214707741596
2024-06-14,-0.0017973992609599013,-0.0034778466778111524,-0.016920043576047757
2024-06-17,0.07522716802518872,0.05918236181527508,0.013459847518207951
2024-06-18,0.030518782277797172,-0.021629373989756,0.003460196057839743
2024-06-20,-0.005797117684325958,0.030015258810792502,0.02845873657895682
2024-06-21,-0.023768581024448805,-0.007221364136632726,0.007168471182702527
2024-06-24,-0.048302153751153015,-0.00914074089059252,0.010657312446648696
2024-06-25,-0.05154322119157484,-0.006749514078237579,-0.011610169020970918
2024-06-26,-0.008722186630206998,-0.027463223184357004,0.011138904697640463
2024-06-27,-0.014977481576581289,0.009895100752945175,0.021912266812614132
2024-06-28,0.028163327266497284,-0.0024645900719099923,0.024372000649990268
2024-07-01,-0.023056512590465997,0.021429181236062002,-0.03620092958327275
2024-07-02,-0.009698368600794817,0.021610160542614172,-0.012442906496520236
2024-07-03,0.013444677334775341,0.01842359296775303,0.022194508543942133
2024-07-05,-0.009931605999387628,0.006374060273658183,-0.005560669208365128
2024-07-08,0.013930052705133152,0.011665618564519363,0.014989274405652576
2024-07-09,-0.022871936163379063,0.007467594954007773,0.0011438420916200557
2024-07-10,-0.002725602324113038,-0.0022646493731710037,0.0038790274762638337
2024-07-11,0.013823289089360995,0.02483026200959324,0.04301499463657882
2024-07-12,0.018931349665230295,0.018310687065158756,0.005872783720282616
2024-07-15,0.04189904106800215,-0.00009646276213498407,0.0008671345568524821
2024-07-16,0.00832396853790095,0.0035648473432193656,0.01355874104915538
2024-07-17,-0.03736368348333033,-0.02153335036889234,-0.01269244035031657
2024-07-18,-0.04479555587510924,-0.018547546150821156,-0.019456279064106765
2024-07-19,0.00706530497818217,0.005839350714790878,0.001544054486490676
2024-07-22,-0.00244002159908564,0.011577392298357445,-0.03590240847235579
2024-07-23,0.02519561423351974,-0.0012305271075596408,0.0002284025508576399
2024-07-24,-0.052157344565146604,-0.04035215976783374,-0.03108578282468074
2024-07-25,-0.002233441233727,0.0005639177514788254,-0.02384471657540455
2024-07-26,0.014428676289528866,0.0178290933043163,0.009606258591640368
2024-07-29,0.011776127115449937,-0.026166309717479942,0.02221785171621869
2024-07-30,-0.023692585601845298,-0.004506236647628641,0.0
2024-07-31,0.029664406275304676,0.02446082025764071,0.0044315510753435835
2024-08-01,-0.04031465408961725,-0.021868533512824053,-0.14177700745288754
2024-08-02,-0.10289029208773294,-0.029104851841588127,-0.04975607420292178
2024-08-05,-0.006894456070423955,-0.031186516023987,-0.04055192182380018
2024-08-06,-0.013295545233650756,-0.003305275457489883,0.03829464052809343
2024-08-07,-0.04031754761287372,-0.0021542770681049947,0.028955171461743617
2024-08-08,0.013184156820660852,0.05685731502626632,0.02840724081347793
2024-08-09,-0.006570350818809695,0.003025414825660624,-0.009648978562978522
2024-08-12,-0.016282126331484553,-0.019458920157782656,0.004031660117312775
2024-08-13,0.05189613192940471,0.016276775990936698,0.0233308855082439
2024-08-14,0.019528205468863486,0.07782571076476022,-0.0020985845738686016
2024-08-15,0.06286050947195818,0.004148385616465008,0.02898750825157504
2024-08-16,0.0,0.0012507554591573153,-0.007682476409079125
2024-08-19,0.007877515886590912,0.002209128816838395,0.029633627181908016
2024-08-20,0.011270149481897336,-0.01746917473022855,-0.016862062000208303
2024-08-21,0.03167682760120659,0.025448376254754542,0.002534816875297678
2024-08-22,-0.018828663199809862,-0.003718888422929894,-0.019427970601774123
2024-08-23,0.03127870037259006,0.008703294076264927,0.00489246815615246
2024-08-26,-0.035828035687271734,-0.012004665105588555,-0.02312690771677459
2024-08-27,0.0068163192546484095,0.006496634030533053,-0.00078902290208172
2024-08-28,-0.02813053895139809,-0.015015536515435792,-0.025310980929502378
2024-08-29,-0.013482006637669939,0.016062513318782928,0.009399786368159475
2024-08-30,0.017839356428137727,0.010268625055242486,0.004800017354099486
2024-09-03,-0.024946222600994102,-0.006992096323829108,-0.035195815182287274
2024-09-04,0.018548956683482363,0.0054372804588402384,0.008779197350794236
2024-09-05,0.04142860110377048,0.012836931650015971,-0.02209422144414905
2024-09-06,-0.01750465165925122,-0.005367742079226653,-0.02259353533563593
2024-09-09,0.028083844627608122,0.026007909154394836,-0.001143101041640382
2024-09-10,0.013751591611932122,0.0005925723296471471,-0.002863755926228799
2024-09-11,0.04877710457265658,0.0035484253371818957,0.014519888865234238
2024-09-12,0.0038946311270874646,-0.0032294344913497896,0.014590619076381027
2024-09-13,-0.020684097061647574,0.008934913128349408,0.016848811696925148
2024-09-16,0.011573049634201407,0.012875596249576465,-0.0019191149893527221
2024-09-17,0.0183966598282599,0.02730502999642138,0.02091048304879953
2024-09-18,-0.022852229526188567,-0.006527438233278061,-0.006741295751473157
2024-09-19,0.03103431786851619,0.0017012343956779045,0.021149253692312058
2024-09-20,0.0002545721625541766,0.01049217582269647,-0.011724051654382372
2024-09-23,0.008870981745230745,-0.009707996473756555,-0.012405846813146642
2024-09-24,-0.01244148778066323,-0.006334790268392242,0.013477293497802552
2024-09-25,0.0488631380023121,0.04996446521567007,-0.004561880223946371
2024-09-26,-0.0039005376870295165,0.017235741204583915,0.029940004057998845
2024-09-27,-0.014268336081058354,-0.023634887955813668,0.0336230197520534
2024-09-30,-0.029162444348935227,-0.004415402351907248,-0.013467330603047835
2024-10-01,-0.024533205986612967,-0.00579048136298071,-0.012096434365046415
2024-10-02,-0.015279587176366058,-0.013872215753276768,0.025563764968094347
2024-10-03,0.008722186630206989,0.00962430152629208,0.0012611740576606645
2024-10-04,0.03312929268291552,0.011091448492760163,0.018976902831856456
2024-10-07,-0.03840636996734284,-0.008625453111431201,0.016435993175250397
2024-10-08,-0.007968149465593268,0.002841083882589617,-0.031889912867823514
2024-10-09,0.020586601719591518,-0.00012703541804601104,0.009251195473647177
2024-10-10,-0.006289272951276752,0.018919516724146053,-0.01479280200976234
2024-10-11,0.01046028663183848,-0.09194980570988108,0.0017665542720077434
2024-10-14,-0.01335618462994812,0.046987901340596785,0.014518448258634619
2024-10-15,0.005521220422777443,-0.017982111686126075,-0.02134960601515919
2024-10-16,-0.0249548023811221,0.008943770267640046,0.012864400650670857
2024-10-17,0.01202421298566831,0.028793223791942598,0.016899017381368283
2024-10-18,0.02128572158207629,-0.009936233560816174,0.014920095587825881
2024-10-21,-0.03438580651657284,-0.00842864197550064,-0.017387461436771348
2024-10-22,0.013631063256781293,0.003985441738368639,0.000987677006891428
2024-10-23,-0.02881577437953955,-0.009993578877091614,-0.021956996613288593
2024-10-24,0.004905987270217003,-0.003674850277689052,0.011537602196258028
2024-10-25,-0.008464147694835939,-0.014302377993465088,0.006462914347413297
2024-10-28,0.0024647458565927108,0.0047902239892002865,0.03314144878390122
2024-10-29,0.005727523613946624,0.007142551129860661,0.006450875277119495
2024-10-30,0.002715875513727979,0.03953836549519469,-0.013909140796445516
2024-10-31,-0.04294881618083939,-0.017165055968513105,-0.11612421059638033
2024-11-01,0.010421131928306184,-0.006940732636936809,-0.012554725279769424
2024-11-04,0.0,-0.017587565010691,-0.0002746414340740881
2024-11-05,0.02107098036203589,0.008854222038472472,-0.004681324290392849
2024-11-06,0.04820208088675428,0.03831399480739689,0.03258503779752631
2024-11-07,0.018905122063317525,-0.000504160553087685,0.006391443026600903
2024-11-08,0.02907552855934044,0.04140337784001547,-0.02635977215856129
2024-11-11,0.07394771786078098,0.01190276067737541,0.00081739805822095
2024-11-12,-0.03533104249695832,-0.01137876927040722,0.0008166266630074296
2024-11-13,0.004067525247494743,0.06757613821410274,0.032921467672538056
2024-11-14,-0.017827542117673102,0.005558532365181359,-0.012185556992835665
2024-11-15,-0.03210943284243212,-0.005822113384390945,-0.006417179265340824
2024-11-18,0.06109694852144954,0.005822113384391005,-0.00349314483598364
2024-11-19,0.02010354368811934,-0.013612779268885579,0.0032249135363063967
2024-11-20,0.013561871207707831,-0.00007601006488150983,0.006418793573082851
2024-11-21,-0.005724114183881279,0.012639554512722717,0.013241719495985217
2024-11-22,-0.010618730610919534,0.03246075778527566,-0.005540156400639809
2024-11-25,-0.002090839475328063,0.01021915519252123,0.013401912117401401
2024-11-26,0.001394408135153329,-0.009420979229582101,-0.02003763666717773
2024-11-27,-0.0006970053468605082,-0.008778550060001084,-0.004805142976947639
2024-11-29,0.014305798760889502,0.010879833637241725,0.025625526682125466
2024-12-02,0.006394147691808374,0.006061472785976468,-0.0013049521978059505
2024-12-03,0.000910146020346709,0.016552941187443163,-0.020581270052940973
2024-12-04,0.018030671522760302,-0.016481040845457484,0.0002666169919352998
2024-12-05,0.001562319129240356,0.005702708677759796,-0.018289920809534104
2024-12-06,-0.013019304906880498,0.002750120644988654,-0.0048979772796998115
2024-12-09,-0.041047930542317666,-0.032110082331772094,-0.0016380395326749998
2024-12-10,-0.0185322190570366,0.01168020365890595,-0.002188130455269412
2024-12-11,-0.0011997418520666653,0.00999685895117928,0.011434869333464092
2024-12-12,-0.004331101554497523,0.013175489395418587,-0.0037971131519993545
2024-12-13,-0.039095331817233785,-0.012310940051100089,-0.015058443142150872
2024-12-16,-0.016178294405323188,-0.006321476264444717,-0.02712318476252249
2024-12-17,0.03702272474869672,-0.009868769656910028,0.002547776480889105
2024-12-18,-0.04958864642088544,-0.029111313095310808,-0.04540319310225057
2024-12-19,0.01663509923242244,-0.015453586413153322,-0.010708032767614725
2024-12-20,0.023825501868096736,0.01307706035107267,0.02130261730432545
2024-12-23,-0.05109761530251525,-0.014263949329699793,0.003798428720861492
2024-12-24,0.005981022710518791,0.0017606659403611644,0.013038015953692085
2024-12-26,-0.002856047951908402,-0.008448845122185085,0.004308428577022475
2024-12-27,-0.01414008725645757,0.009633647460750032,-0.0034452785198386317
2024-12-30,-0.021861700614935566,-0.01446616206972422,-0.012152984938401716
2024-12-31,0.0026918533036486432,0.0015876540949824704,0.008695795425974385
2025-01-02,-0.0247665353351583,-0.014851518296823001,-0.028987585443371797
2025-01-03,0.031464483882375896,0.008291053900717759,0.012693906396393777
2025-01-06,-0.00535478550987483,-0.006407830915111308,-0.00440987128207945
2025-01-07,0.0029486848721063993,-0.012860623561447775,-0.021141150752874864
2025-01-08,0.026153858327352033,0.01583522366329122,-0.016383889864283963
2025-01-10,0.029293029777120956,-0.007374336645831376,-0.02540402396433797
2025-01-13,0.008572925363151072,0.010184208949108474,0.014330493611469914
2025-01-14,0.0042590109486373455,0.011623532373520968,0.023537587910219177
2025-01-15,-0.032523160179136874,-0.016663524818966827,-0.0030256748174752857
2025-01-16,0.024490996172794505,0.008774209668803021,0.003931687085445479
2025-01-17,-0.00987723323543539,0.021281518053707735,-0.008487550071197877
2025-01-21,0.05496426475754844,0.022660341137543293,0.01510602812741341
2025-01-22,-0.012850189989369942,-0.008620251181556814,-0.016324337779264286
2025-01-23,0.012850189989369838,0.004002201973018888,0.00940390843832533
2025-01-24,-0.004103763685037608,-0.002317160878782673,-0.006968655623596651
2025-01-27,-0.005579142188091847,-0.01728470326935702,0.020166280875870204
2025-01-28,0.021418202526790796,0.018854964674868527,-0.0017894836884551318
2025-01-29,-0.002383754938119303,0.003505382574241238,0.015109110835926892
2025-01-30,0.019615375597750326,0.012430278735237594,0.015752978464547034
2025-01-31,-0.018422787842908347,-0.018628967900606735,-0.0020280956122110737
2025-02-03,-0.013439160085803472,-0.01331064977379818,-0.009616801820819297
2025-02-04,0.008660160282576922,-0.000341678229679202,0.011644897433030358
2025-02-05,0.011668227837570655,0.010914151847223004,-0.00901292783731218
2025-02-06,0.0047236022529345435,-0.00045080442753566265,0.006984832225101012
2025-02-07,-0.0037771492572140995,0.009052593938957729,0.0026068125864861305
2025-02-10,0.013158117011201247,0.0028260440243228196,-0.006093130226282125
2025-02-11,0.013908394870809415,-0.00044568089260917,-0.0026227656354075378
2025-02-12,0.045012100178655895,0.03367863294051966,0.0029137105406985032
2025-02-13,0.0219837374939866,0.013628006418257853,0.1609028486219275
2025-02-14,0.14111827023742587,0.057120998775384846,-0.013968736898348776
2025-02-18,-0.03810710526626719,-0.015276220814396831,-0.04469160913012628
2025-02-19,-0.013885094418488649,-0.008634419749297408,0.007067179219129003
2025-02-20,-0.026742766864965732,-0.013840010496838532,-0.0010438653308499904
2025-02-21,-0.0815101867935791,-0.05401511202850607,-0.0619309378103999
2025-02-24,-0.028942341494616254,-0.008657653897195782,0.010225291174757694
2025-02-25,-0.04056795419766585,-0.03682005949290514,-0.023648298619407756
2025-02-26,0.019798068321112347,0.047712900675960845,-0.009902536588541216
2025-02-27,-0.014402082045195982,-0.005321256002970553,-0.01431868753979513
2025-02-28,0.025867467743078073,0.03193843613889837,0.002592545226759169
2025-03-03,-0.05314299948196601,-0.03403791498569175,-0.04621866775465069
2025-03-04,-0.006997275929803761,-0.01879656439126608,-0.0176295758373055
2025-03-05,0.04982734430258534,0.014250809549441435,0.006723778769398292
2025-03-06,-0.07931352953578237,-0.048418007600689046,-0.03692066367837666
2025-03-07,-0.017356708925573797,-0.03541627667375918,0.012250801900874155
2025-03-10,-0.05663608985462953,-0.08732632357013868,-0.004380463627134173
2025-03-11,0.037421972352789414,0.015786796640233,-0.018993874942475248
2025-03-12,-0.0007762655051866798,0.012426790982025178,-0.009634022526223975
2025-03-13,-0.04338155310748625,-0.01095672458673401,-0.027148026333514232
2025-03-14,0.02351156248832435,0.02466520869845611,0.051691105505066795
2025-03-17,0.022455267998386996,0.0091470140503614,0.02056781624281661
2025-03-18,-0.04813196879945004,-0.022727311942148328,-0.01742413618915677
2025-03-19,0.04321417383361589,0.032081139385017256,0.02571785508740248
2025-03-20,-0.0025981383649519036,-0.0033987932004225824,-0.004906475766802173
2025-03-21,0.026948969425629545,0.0006225750728617358,-0.034718067704130114
2025-03-24,0.025748172875562456,0.022524513503414792,0.03133082457268656
2025-03-25,-0.0395168987732909,-0.022026732366434206,-0.011790309053689137
2025-03-26,-0.03314933409711229,-0.02036184435776594,0.002493705049991915
2025-03-27,-0.01713102331206804,0.004350123239863897,-0.0160053102883228
2025-03-28,-0.04839877086509281,-0.036347293228288544,-0.04034757290510329
2025-03-31,-0.06074865580931283,-0.03228738886136827,-0.024001192795507456
2025-04-01,-0.0006024234656012504,0.005715992081655821,0.010070616993350018
2025-04-02,0.03667970185885912,0.02932082403879257,0.02669459742344903
2025-04-03,-0.06076981632078081,-0.052934727454992794,-0.0972633190979571
2025-04-04,-0.022788606933733285,-0.053322003013128234,-0.037988461336039836
2025-04-07,0.03749473971365774,0.03294297822887221,-0.021069303643916164
2025-04-08,-0.030572140790546688,-0.0034293869368048385,-0.019582054782045548
2025-04-09,0.11677213048151577,0.10772476967389451,0.14887447666835682
2025-04-10,-0.031460738788863046,-0.03011037384403245,-0.04022356481756556
2025-04-11,-0.014793549439081644,0.009145945564810543,0.020654792028010783
2025-04-14,0.00029213503266228174,0.0035319299785480543,0.009157277901617565
2025-04-15,-0.020363655477278083,-0.011589854517123997,0.0030338214860669353
2025-04-16,0.0023823125185921004,-0.011901782657009499,-0.04298409816626486
2025-04-17,-0.00029743631340154743,0.0021106814193827305,0.0153420214259518
2025-04-21,-0.03543147298288506,-0.02743071449775109,0.0006918180099253128
2025-04-22,0.03125736478084562,0.027167139583837586,0.04595405131711658
2025-04-23,0.01718045849428116,0.01875965208916968,0.016052752965114027
2025-04-24,0.003810676426858586,-0.007010026052240948,0.020904431044774248
2025-04-25,-0.011475758795112367,0.01234264196987986,0.007925227703905463
2025-04-28,-0.015208348547596397,0.009094291981603383,0.016907071959830714
2025-04-29,-0.0018044383420474327,0.014096018927501444,-0.012810669125083907
2025-04-30,0.0021049381573271173,0.009883153663046927,-0.010749397265506978
2025-05-01,-0.0009016557887521977,0.004636709209720523,-0.019256001815722092
2025-05-02,0.029331141408480817,0.026774729091043836,0.03533707488084732
2025-05-05,-0.0035097704941243948,0.002289508893194924,0.003123062595194062
2025-05-06,-0.016246088036584165,-0.015526112676723096,-0.020476368933464523
2025-05-07,0.03194400070559789,-0.012506069570068733,0.01013307263144301
2025-05-08,0.019423642294565918,-0.004839211849070384,0.014699227032293148
2025-05-09,0.0245891430943619,-0.028257361607218024,0.01142172445629076
2025-05-12,0.04585487147451886,0.05299140702321354,0.061887620509340886
2025-05-13,-0.006612905939263122,-0.02204272483357354,0.006900593044799481
2025-05-14,0.01501410246523759,0.02535401572154497,0.0014316175794348758
2025-05-15,-0.04382211646868301,-0.01605234864697766,-0.016152683813036577
2025-05-16,0.007890148594350724,0.019915031837771994,-0.01228798858900526
2025-05-19,0.008097189390013294,0.0013645222289890417,-0.00887063931662911
2025-05-20,-0.030847295333431914,-0.009914665638721726,-0.023134474639979787
2025-05-21,-0.014802637967812107,-0.028470620067112252,-0.04762065519529852
2025-05-22,-0.0190320184307741,-0.0074875740468857265,-0.0006377697083016791
2025-05-23,0.0060043896443151105,0.011729228048489268,0.0
2025-05-27,0.013308915087701545,0.01744184701662747,0.0202090675596103
2025-05-28,-0.015020794859025867,0.006787119048881437,-0.0059570810123092365
2025-05-29,0.016426255067018416,0.009513518010833784,-0.002203674626061324
2025-05-30,0.007834471963476078,0.013746593475596874,-0.002524454630833764
2025-06-02,-0.06179243145754442,-0.02756275473718268,-0.015282040310511148
2025-06-03,0.017340630225544877,0.0030057109525755657,0.02502899602511842
2025-06-04,0.015037890636284237,-0.010149910622660465,0.0009382545545968566
2025-06-05,-0.03237852086182903,-0.005875997212629825,-0.022124759866420075
2025-06-06,0.05983958685756426,0.02819950621997314,0.018052736698988495
2025-06-09,0.010831917547687971,0.054309667821028494,0.018965300070351056
2025-06-10,0.03688055099525448,0.015027760581892919,0.027939811966538313
2025-06-11,0.008483605612561914,0.006891735149897325,-0.0048033670852029595
2025-06-12,0.00263639681616676,0.007508234243308538,-0.0027120750098392314
2025-06-13,-0.03974743274293794,-0.025299966210685212,-0.04347840241278619
2025-06-16,0.036582901314008265,0.0203871589895976,0.07788274076049839
2025-06-17,0.006843888863734853,0.005686270664324321,-0.02151253002754704
2025-06-18,0.038090028961949456,0.0031981026227922943,0.010961417442548957
2025-06-20,0.022719736053065737,-0.03252683598950015,-0.005021371390951573
2025-06-23,0.02318026914424518,0.0253813085645383,-0.015518080850948395
2025-06-24,0.032042667310148425,0.019401691881931984,0.028170899274867118
2025-06-25,-0.001636463073029502,-0.02887229337946428,-0.009400765066453569
2025-06-26,-0.012004431056490556,0.012165414678262777,-0.002659973489454633
2025-06-27,0.015507826192085006,0.026986337344548667,0.017019131963956283
2025-06-30,0.0,0.025088187982259678,0.0005817469114588345
2025-07-01,-0.02120714962904899,-0.003505577332451104,0.07017468836717007
2025-07-02,-0.0160848978033434,-0.008570202551520625,0.020923478032771087
2025-07-03,-0.013400108806654583,-0.004544005963962446,-0.002125911460823995
2025-07-07,-0.004671148539351157,0.006384197353375753,-0.015009699675081742
2025-07-08,0.042456889790825396,0.008414153555787294,0.01314577437827513
2025-07-09,0.010805815451472942,0.003814047985251808,0.004520634504013056
2025-07-10,0.04052289534928959,0.011286606074752101,0.030055876509190563
2025-07-11,-0.03632609954760865,0.0010700402267598075,-0.023708283605181343
2025-07-14,0.01867062115678704,0.01788044553289756,0.004734367154720959
2025-07-15,0.00022829824316052805,-0.005811075971060874,-0.010286240773810061
2025-07-16,-0.010096428755926949,0.00966651934474536,-0.011197183931852409
2025-07-17,0.013287664494921043,0.028385562793845957,0.00721254526739043
2025-07-18,-0.005019344473416533,0.006540459379668078,-0.010165980452392937
2025-07-21,0.017009140743372383,-0.013983060218180472,-0.0005379359630941518
2025-07-22,0.002021794465305441,-0.0026810030410167546,0.025761649121815663
2025-07-23,0.005817835125914333,0.012384906953086795,0.004969342993912786
2025-07-24,-0.017556128920841282,-0.017968518403620525,-0.025632297465585593
