Price,Close,High,Low,Open,Volume
Ticker,FLUT,FLUT,FLUT,FLUT,FLUT
Date,,,,,
2020-07-27,134.0,150.55299377441406,134.0,149.25,5000
2020-07-28,151.0,151.0,143.0,148.0,11900
2020-07-29,158.0,158.0,151.0,151.0,11100
2020-07-30,152.1300048828125,155.0,147.5,153.0,8400
2020-07-31,150.0,153.0,150.0,151.10000610351562,8100
2020-08-03,152.5,153.75,152.5,153.75,1000
2020-08-04,151.0,151.0,151.0,151.0,500
2020-08-05,152.0,158.0,115.1500015258789,155.0,4000
2020-08-06,153.75,158.0,150.0,154.0,2900
2020-08-07,155.0,155.0,155.0,155.0,2000
2020-08-10,153.0,154.0,153.0,154.0,900
2020-08-11,158.39999389648438,158.39999389648438,152.6999969482422,153.5,17900
2020-08-12,158.0,158.0,154.25,156.0,2300
2020-08-13,164.0,164.0,158.0,158.0,4200
2020-08-14,157.0,169.0,157.0,158.10000610351562,3400
2020-08-17,158.0,160.0,158.0,160.0,800
2020-08-18,160.0,172.25,159.0,163.0,5400
2020-08-19,148.66000366210938,162.5,148.66000366210938,158.0,2000
2020-08-20,157.0,161.25,126.05999755859375,140.65499877929688,3700
2020-08-21,159.0,160.0,155.85000610351562,157.75,4400
2020-08-24,159.39999389648438,160.0,157.5,158.0,5000
2020-08-25,161.25,161.25,159.39999389648438,160.0,6800
2020-08-26,162.5,163.75,162.5,163.0,5600
2020-08-27,161.0,167.4499969482422,161.0,166.35000610351562,5500
2020-08-28,167.50999450683594,167.50999450683594,164.052001953125,164.052001953125,34700
2020-08-31,166.0,168.9250030517578,166.0,168.9250030517578,2900
2020-09-01,160.75,166.10000610351562,160.6999969482422,166.10000610351562,3800
2020-09-02,158.6999969482422,160.0,156.5500030517578,156.5500030517578,2500
2020-09-03,149.5,152.14999389648438,149.5,152.14999389648438,1500
2020-09-04,147.5,150.25,144.99000549316406,149.0,3200
2020-09-08,144.60000610351562,148.375,144.60000610351562,147.5,3500
2020-09-09,148.0,148.0,146.0,146.10000610351562,1700
2020-09-10,150.60000610351562,152.0,148.02099609375,149.2449951171875,69000
2020-09-11,153.3000030517578,153.3000030517578,151.5800018310547,151.75,34400
2020-09-14,154.74000549316406,154.74000549316406,152.0,152.0,58900
2020-09-15,161.22500610351562,161.22500610351562,158.97500610351562,159.10000610351562,52700
2020-09-16,160.5,161.8000030517578,158.0500030517578,161.8000030517578,26900
2020-09-17,163.0500030517578,163.22000122070312,160.86000061035156,160.89999389648438,28600
2020-09-18,159.0,162.5,159.0,161.25,22200
2020-09-21,152.97500610351562,154.9499969482422,151.5,152.0,87800
2020-09-22,148.8800048828125,148.8800048828125,147.5500030517578,147.5500030517578,6900
2020-09-23,151.25,153.5,151.25,153.5,3700
2020-09-24,152.5,152.5,149.8699951171875,150.19000244140625,2900
2020-09-25,164.5,164.5,157.5,158.0,81600
2020-09-28,161.5749969482422,163.0,160.0,162.6999969482422,66400
2020-09-29,159.25,160.75,158.4600067138672,160.75,10700
2020-09-30,159.1699981689453,159.5500030517578,158.8699951171875,159.4499969482422,1700
2020-10-01,157.5,159.0,157.0,157.0,4200
2020-10-02,158.0,158.0,156.85000610351562,156.85000610351562,1100
2020-10-05,161.0,161.0,159.0,159.0,1900
2020-10-06,162.2100067138672,165.88400268554688,161.5399932861328,161.5399932861328,2900
2020-10-07,161.5,163.74000549316406,161.5,162.2100067138672,1700
2020-10-08,164.32000732421875,166.52999877929688,164.30999755859375,166.52999877929688,4400
2020-10-09,169.1999969482422,169.1999969482422,167.0,167.0,5600
2020-10-12,169.0,170.0,166.6199951171875,169.3000030517578,1600
2020-10-13,169.0,169.50999450683594,165.6300048828125,165.6300048828125,4200
2020-10-14,167.6999969482422,170.0,167.6999969482422,170.0,1600
2020-10-15,169.5,169.5,167.1999969482422,168.2100067138672,2200
2020-10-16,171.96499633789062,171.96499633789062,170.41000366210938,171.0,1900
2020-10-19,169.5,169.52000427246094,169.22000122070312,169.52000427246094,2300
2020-10-20,168.0,169.5,168.0,169.5,1200
2020-10-21,166.24000549316406,166.24000549316406,166.24000549316406,166.24000549316406,500
2020-10-22,164.08999633789062,166.0,164.08999633789062,166.0,3000
2020-10-23,168.13999938964844,168.13999938964844,166.14999389648438,166.14999389648438,1500
2020-10-26,161.75,163.65499877929688,161.75,163.65499877929688,1100
2020-10-27,161.78599548339844,162.1300048828125,160.75,162.1300048828125,700
2020-10-28,155.5,160.75,155.5,160.10000610351562,24500
2020-10-29,172.0,172.0,169.1999969482422,169.1999969482422,3400
2020-10-30,172.4499969482422,172.5,172.22999572753906,172.5,1600
2020-11-02,168.0,170.00999450683594,168.0,169.14999389648438,2600
2020-11-03,170.4499969482422,171.2899932861328,170.4499969482422,171.08999633789062,2700
2020-11-04,178.0,178.39500427246094,172.0399932861328,172.0399932861328,2400
2020-11-05,179.8800048828125,181.5,178.5399932861328,179.99000549316406,2800
2020-11-06,184.15499877929688,184.15499877929688,184.15499877929688,184.15499877929688,800
2020-11-09,184.15499877929688,184.15499877929688,184.15499877929688,184.15499877929688,0
2020-11-10,170.91000366210938,170.91000366210938,167.3699951171875,169.5,1600
2020-11-11,179.89999389648438,179.89999389648438,179.89999389648438,179.89999389648438,5400
2020-11-12,179.89999389648438,179.89999389648438,179.89999389648438,179.89999389648438,0
2020-11-13,179.5500030517578,179.5500030517578,179.5500030517578,179.5500030517578,1400
2020-11-16,175.3800048828125,175.3800048828125,169.60000610351562,171.64999389648438,1700
2020-11-17,167.0500030517578,170.07899475097656,167.0500030517578,170.07899475097656,800
2020-11-18,171.0,171.0,170.9199981689453,170.9199981689453,800
2020-11-19,170.14999389648438,170.14999389648438,169.39999389648438,169.39999389648438,1100
2020-11-20,172.1999969482422,172.1999969482422,166.57200622558594,171.80999755859375,2100
2020-11-23,169.07000732421875,169.39999389648438,168.0,169.0500030517578,900
2020-11-24,169.07000732421875,169.07000732421875,169.07000732421875,169.07000732421875,0
2020-11-25,177.25,177.38999938964844,177.25,177.27999877929688,2300
2020-11-27,182.25,187.0,182.25,184.39999389648438,1800
2020-11-30,186.6199951171875,186.6199951171875,186.6199951171875,186.6199951171875,1000
2020-12-01,181.7899932861328,181.7899932861328,181.6999969482422,181.75,2300
2020-12-02,180.4669952392578,180.4669952392578,180.4669952392578,180.4669952392578,1600
2020-12-03,192.0,197.5,189.8800048828125,196.5399932861328,5200
2020-12-04,198.5,199.0,196.0,196.0,12800
2020-12-07,200.0,201.0,200.0,201.0,7500
2020-12-08,197.0,197.0,193.27000427246094,193.27000427246094,2100
2020-12-09,196.83999633789062,198.0,196.83999633789062,197.0,2900
2020-12-10,195.5,196.83999633789062,195.5,196.83999633789062,1100
2020-12-11,196.0,196.0,195.0,195.0,1400
2020-12-14,198.6699981689453,201.92999267578125,198.6699981689453,201.92999267578125,2300
2020-12-15,204.49000549316406,205.52999877929688,202.10000610351562,202.10000610351562,1600
2020-12-16,209.66000366210938,209.66000366210938,205.72999572753906,207.4550018310547,3300
2020-12-17,209.0,212.05499267578125,209.0,210.9510040283203,21000
2020-12-18,205.91000366210938,206.0,205.91000366210938,206.0,3400
2020-12-21,198.60000610351562,199.8000030517578,194.99000549316406,195.0399932861328,1000
2020-12-22,197.1199951171875,199.0,195.9199981689453,197.0,1600
2020-12-23,204.76499938964844,206.0,202.69000244140625,203.8699951171875,4500
2020-12-24,202.47500610351562,208.9499969482422,197.72999572753906,197.72999572753906,1100
2020-12-28,204.5,207.47500610351562,203.0,203.0,700
2020-12-29,205.25,208.5,204.64999389648438,206.0399932861328,1000
2020-12-30,208.5,213.77000427246094,204.64999389648438,204.77000427246094,900
2020-12-31,205.89999389648438,209.9499969482422,204.5,206.0,1600
2021-01-04,209.25,218.36000061035156,206.5500030517578,218.36000061035156,1600
2021-01-05,212.1199951171875,212.24000549316406,205.0,208.25,1700
2021-01-06,217.66000366210938,219.41000366210938,213.0,213.0,6200
2021-01-07,215.0,220.0,211.0,220.0,3700
2021-01-08,214.75,220.5,212.00999450683594,220.5,900
2021-01-11,212.67999267578125,214.99000549316406,207.8000030517578,214.8000030517578,4000
2021-01-12,212.64999389648438,212.6999969482422,207.0,207.0,1000
2021-01-13,209.3000030517578,210.0,204.0399932861328,204.0399932861328,1900
2021-01-14,203.2100067138672,208.5,203.2100067138672,208.5,2500
2021-01-15,201.5500030517578,207.5,200.99000549316406,207.5,1400
2021-01-19,197.0,201.50999450683594,195.0,201.50999450683594,1700
2021-01-20,199.44000244140625,199.44000244140625,195.0,195.0,5100
2021-01-21,199.2550048828125,202.0,198.46499633789062,201.75,900
2021-01-22,196.25,199.25,194.0,197.5,1000
2021-01-25,192.4499969482422,199.2100067138672,191.0,194.0,2100
2021-01-26,193.11000061035156,194.94000244140625,192.5050048828125,194.0,1500
2021-01-27,186.25,193.22999572753906,186.0,186.0,3700
2021-01-28,189.3300018310547,193.1199951171875,186.0,193.1199951171875,10000
2021-01-29,186.52499389648438,191.60000610351562,185.0,191.60000610351562,4800
2021-02-01,190.0399932861328,194.99000549316406,185.8800048828125,194.99000549316406,900
2021-02-02,192.32000732421875,194.2429962158203,188.5,188.5,1700
2021-02-03,192.89999389648438,195.0,190.44000244140625,195.0,1200
2021-02-04,191.0,195.41700744628906,186.5,186.5,700
2021-02-05,197.5,198.0,191.0,192.9949951171875,4800
2021-02-08,197.0500030517578,199.0,195.0,198.5800018310547,4500
2021-02-09,199.97000122070312,202.10000610351562,196.0,196.0,4600
2021-02-10,195.11000061035156,197.44000244140625,191.6300048828125,197.44000244140625,4100
2021-02-11,195.5,195.5,193.0,195.05999755859375,3000
2021-02-12,194.89999389648438,196.0,191.25,192.39999389648438,2300
2021-02-16,195.81500244140625,200.42999267578125,192.0,192.0,1100
2021-02-17,192.5500030517578,194.0,187.9199981689453,187.9199981689453,1600
2021-02-18,190.64999389648438,192.77000427246094,190.0,192.5,1800
2021-02-19,187.5500030517578,195.2100067138672,187.5500030517578,193.30999755859375,5600
2021-02-22,198.25,202.5500030517578,193.50999450683594,198.0,2200
2021-02-23,195.3000030517578,198.36500549316406,192.0,197.33999633789062,1200
2021-02-24,198.25,198.25,194.23500061035156,194.23500061035156,2100
2021-02-25,192.35000610351562,199.27999877929688,192.14999389648438,198.0,5500
2021-02-26,192.0,195.0,191.64999389648438,192.14999389648438,1000
2021-03-01,201.0,202.0,191.64999389648438,192.0,1300
2021-03-02,199.99000549316406,200.0,191.64999389648438,191.64999389648438,1000
2021-03-03,204.8350067138672,206.75,199.0,200.0,2000
2021-03-04,208.75999450683594,212.0,205.0,210.0,5200
2021-03-05,204.99000549316406,210.77000427246094,201.80999755859375,210.77000427246094,1200
2021-03-08,200.5,205.0,199.35000610351562,204.9600067138672,1500
2021-03-09,204.52999877929688,210.0,203.0,203.0,7600
2021-03-10,210.0,210.0,205.0,205.0,1900
2021-03-11,219.75,224.5,216.0,216.0,4400
2021-03-12,221.1199951171875,223.0,219.0,220.0,2700
2021-03-15,237.0,237.0,225.2100067138672,225.2100067138672,3100
2021-03-16,234.8000030517578,238.0,230.8300018310547,238.0,3300
2021-03-17,234.9199981689453,235.0,230.0,234.8000030517578,1600
2021-03-18,235.1699981689453,240.5,230.00999450683594,235.0,1800
2021-03-19,230.25999450683594,234.3300018310547,228.36000061035156,234.3300018310547,2500
2021-03-22,239.5,241.52000427246094,233.8800048828125,241.52000427246094,3100
2021-03-23,229.08999633789062,235.42999267578125,228.0,235.42999267578125,4600
2021-03-24,223.84500122070312,228.5,222.0,228.0,1700
2021-03-25,222.25,223.90499877929688,219.0,222.0,1600
2021-03-26,229.3300018310547,229.9499969482422,222.25,229.08999633789062,1200
2021-03-29,218.00999450683594,225.5,216.0,216.0,1500
2021-03-30,218.8000030517578,222.0,215.0,218.39999389648438,700
2021-03-31,215.9199981689453,218.8000030517578,213.02000427246094,215.0,700
2021-04-01,215.00999450683594,215.6300048828125,213.8800048828125,215.25,1000
2021-04-05,219.55499267578125,219.77000427246094,213.0,213.0,500
2021-04-06,217.49000549316406,219.75999450683594,214.0449981689453,219.75999450683594,2300
2021-04-07,214.0,218.05999755859375,211.3699951171875,218.05999755859375,1200
2021-04-08,214.2449951171875,218.3000030517578,210.10000610351562,214.0,2000
2021-04-09,211.5,215.0,210.0,214.24000549316406,1200
2021-04-12,209.10000610351562,211.5,202.8000030517578,202.8000030517578,1700
2021-04-13,210.0,210.0,207.0,207.0,600
2021-04-14,210.75999450683594,215.10000610351562,208.5,215.10000610351562,900
2021-04-15,210.75,215.6699981689453,208.1999969482422,215.6699981689453,800
2021-04-16,216.5,218.3699951171875,209.64999389648438,210.0,2200
2021-04-19,210.0,218.0,207.41000366210938,207.41000366210938,3000
2021-04-20,205.0,211.0,203.0,211.0,1600
2021-04-21,203.39999389648438,207.9499969482422,202.1999969482422,203.5,500
2021-04-22,204.4250030517578,208.5,200.6300048828125,200.6300048828125,700
2021-04-23,212.85000610351562,213.5,203.8699951171875,203.8699951171875,2100
2021-04-26,215.0,219.66000366210938,208.5800018310547,208.5800018310547,3300
2021-04-27,219.5,219.89999389648438,215.49000549316406,219.88999938964844,800
2021-04-28,219.0,220.00999450683594,215.72500610351562,215.72500610351562,1200
2021-04-29,213.0,220.5,210.5,220.5,800
2021-04-30,205.00999450683594,212.64999389648438,205.0,212.64999389648438,1300
2021-05-03,206.5,209.2100067138672,206.2899932861328,209.2100067138672,700
2021-05-04,199.52000427246094,206.1199951171875,198.05999755859375,206.1199951171875,2100
2021-05-05,203.0,207.0,198.89999389648438,207.0,500
2021-05-06,202.53599548339844,204.25,200.83999633789062,203.5,2800
2021-05-07,205.0,206.5399932861328,200.0,202.0,1500
2021-05-10,202.77000427246094,205.8300018310547,196.5,205.8300018310547,700
2021-05-11,190.50799560546875,192.67999267578125,185.4499969482422,192.67999267578125,2500
2021-05-12,182.0,185.64999389648438,179.07000732421875,182.4600067138672,7000
2021-05-13,177.99000549316406,182.0,176.0,182.0,2800
2021-05-14,181.0,184.11199951171875,176.0,176.0,900
2021-05-17,177.0,179.75,172.66000366210938,172.66000366210938,900
2021-05-18,177.0,182.6529998779297,175.22000122070312,177.0,1300
2021-05-19,168.14999389648438,178.0,168.14999389648438,175.0,3300
2021-05-20,176.093994140625,181.72999572753906,172.52999877929688,181.72999572753906,700
2021-05-21,183.0,185.0050048828125,178.69000244140625,180.39999389648438,1100
2021-05-24,186.39999389648438,190.92999267578125,181.44000244140625,190.92999267578125,400
2021-05-25,186.72999572753906,188.97999572753906,185.0,186.99000549316406,700
2021-05-26,190.39999389648438,195.17999267578125,185.33999633789062,195.17999267578125,400
2021-05-27,189.08999633789062,190.60000610351562,183.00999450683594,190.3800048828125,4600
2021-05-28,185.0,193.60000610351562,184.8350067138672,193.60000610351562,1000
2021-06-01,185.25,187.9949951171875,182.8800048828125,185.0,400
2021-06-02,185.0,190.05999755859375,180.10000610351562,180.10000610351562,700
2021-06-03,182.25,187.0,180.0,180.0,500
2021-06-04,188.1649932861328,189.02499389648438,182.49000549316406,182.49000549316406,600
2021-06-07,188.0,189.0,186.11000061035156,187.3800048828125,1100
2021-06-08,194.97500610351562,195.48500061035156,190.0,190.8000030517578,300
2021-06-09,199.99000549316406,200.0,190.38999938964844,195.0,1600
2021-06-10,195.25,196.81300354003906,190.1999969482422,190.1999969482422,1300
2021-06-11,191.4499969482422,198.0749969482422,191.0,192.27999877929688,400
2021-06-14,193.5,198.41000366210938,191.0,192.0,700
2021-06-15,189.5,192.64999389648438,181.11000061035156,181.11000061035156,800
2021-06-16,191.44000244140625,198.0,189.5,192.0,300
2021-06-17,189.5,195.38999938964844,185.0500030517578,191.44000244140625,500
2021-06-18,187.5,190.0,185.0,188.0,500
2021-06-21,190.11000061035156,194.02000427246094,185.1999969482422,194.02000427246094,500
2021-06-22,194.5,195.0,190.00999450683594,191.0,500
2021-06-23,197.5,198.58999633789062,192.0,196.25,600
2021-06-24,198.75,202.63999938964844,197.5,202.63999938964844,500
2021-06-25,193.9709930419922,198.67999267578125,188.1999969482422,198.67999267578125,700
2021-06-28,189.0,191.67999267578125,183.0,188.5,800
2021-06-29,185.5,189.0,184.60000610351562,185.25,300
2021-06-30,181.61500549316406,185.0,180.24000549316406,185.0,900
2021-07-01,187.375,187.8000030517578,181.6199951171875,181.6199951171875,700
2021-07-02,186.0,191.9199981689453,180.67999267578125,191.9199981689453,400
2021-07-06,187.0,194.0800018310547,183.55999755859375,194.0800018310547,300
2021-07-07,183.59500122070312,187.0,182.99000549316406,187.0,200
2021-07-08,178.14999389648438,180.66000366210938,175.9199981689453,180.0,1200
2021-07-09,180.0,183.66000366210938,174.57000732421875,174.57000732421875,600
2021-07-12,174.25,177.0,172.57000732421875,172.57000732421875,600
2021-07-13,172.0,175.0,170.0,175.0,2300
2021-07-14,172.78500366210938,179.1199951171875,172.0,179.1199951171875,300
2021-07-15,167.0,173.0,164.99000549316406,173.0,4000
2021-07-16,167.0,169.0,164.6300048828125,168.7550048828125,700
2021-07-19,162.5,167.0,159.33999633789062,159.33999633789062,1900
2021-07-20,161.97000122070312,165.42799377441406,155.77999877929688,155.77999877929688,700
2021-07-21,168.88499450683594,171.77000427246094,161.80999755859375,165.0,1700
2021-07-22,179.0,180.0,172.8800048828125,172.8800048828125,500
2021-07-23,176.1699981689453,179.0,176.1699981689453,178.0,400
2021-07-26,169.08999633789062,177.36300659179688,169.08999633789062,174.0,800
2021-07-27,174.93600463867188,175.5,169.11000061035156,175.0,1000
2021-07-28,172.75,175.0,170.05999755859375,175.0,1000
2021-07-29,172.36500549316406,178.3699951171875,168.55999755859375,170.0,300
2021-07-30,173.0,177.74000549316406,166.25,177.74000549316406,500
2021-08-02,168.0,177.0,167.57000732421875,167.57000732421875,700
2021-08-03,166.4499969482422,171.8300018310547,166.25,166.25,600
2021-08-04,173.99000549316406,175.5,166.25,167.0,500
2021-08-05,170.8000030517578,175.30999755859375,166.25,170.77999877929688,1100
2021-08-06,176.69500732421875,179.9199981689453,173.72000122070312,173.72000122070312,1100
2021-08-09,179.0,179.5,175.75,177.0,500
2021-08-10,193.0,200.0,187.17999267578125,193.89999389648438,2200
2021-08-11,193.86000061035156,195.6999969482422,190.9199981689453,193.0,1400
2021-08-12,194.5399932861328,197.5,192.0,195.0,5900
2021-08-13,197.0,197.5,191.27999877929688,192.0,700
2021-08-16,192.5800018310547,196.8000030517578,188.16000366210938,188.4499969482422,1900
2021-08-17,190.8000030517578,193.9499969482422,190.13999938964844,193.9499969482422,500
2021-08-18,190.0,194.50999450683594,185.72999572753906,185.72999572753906,600
2021-08-19,187.53500366210938,191.97000122070312,185.0,187.19000244140625,600
2021-08-20,186.4250030517578,187.53500366210938,185.1999969482422,187.5,46600
2021-08-23,185.0,189.42999267578125,185.0,185.0,42100
2021-08-24,188.9250030517578,192.5,185.35000610351562,185.35000610351562,700
2021-08-25,197.8800048828125,198.0500030517578,190.05999755859375,190.05999755859375,1300
2021-08-26,194.75,200.0,192.96099853515625,197.8800048828125,700
2021-08-27,196.0,198.85000610351562,190.1699981689453,196.0,900
2021-08-30,193.9499969482422,199.8000030517578,193.75,198.0,800
2021-08-31,194.5,200.77000427246094,193.0,200.77000427246094,300
2021-09-01,196.88999938964844,200.0,196.0,196.0,700
2021-09-02,195.68499755859375,200.0,191.77000427246094,191.77000427246094,2300
2021-09-03,199.0,201.6999969482422,194.75,200.0,1600
2021-09-07,204.60000610351562,204.60000610351562,198.3300018310547,201.6999969482422,1000
2021-09-08,198.4149932861328,203.0,194.02999877929688,202.0,1000
2021-09-09,201.0,204.0,192.75,192.75,700
2021-09-10,202.3300018310547,205.0,194.5,205.0,1500
2021-09-13,198.9499969482422,205.0,195.25,205.0,700
2021-09-14,200.42999267578125,205.0,195.60000610351562,195.60000610351562,4400
2021-09-15,201.85000610351562,205.0,200.0,200.5,3600
2021-09-16,210.1320037841797,210.3000030517578,201.69000244140625,201.69000244140625,43900
2021-09-17,209.57000732421875,213.03700256347656,207.0,211.0,1500
2021-09-20,200.5,204.99899291992188,200.0,200.0,1000
2021-09-21,209.61000061035156,212.0,200.99000549316406,200.99000549316406,1300
2021-09-22,216.8000030517578,217.3800048828125,209.74000549316406,209.8000030517578,5100
2021-09-23,214.5449981689453,223.36000061035156,210.25,219.73800659179688,9800
2021-09-24,212.63999938964844,217.27999877929688,207.3730010986328,213.0,500
2021-09-27,207.10000610351562,212.60000610351562,201.82000732421875,201.82000732421875,600
2021-09-28,203.5,212.9499969482422,200.0,201.4199981689453,1400
2021-09-29,202.22000122070312,210.94000244140625,202.2100067138672,210.94000244140625,300
2021-09-30,198.0,202.71499633789062,195.19000244140625,201.0,800
2021-10-01,200.0,206.52999877929688,195.35000610351562,202.93499755859375,4500
2021-10-04,197.625,202.9600067138672,195.0,200.0,500
2021-10-05,197.92999267578125,205.1699981689453,195.5,197.75,1100
2021-10-06,194.2100067138672,196.60000610351562,194.0,195.5,600
2021-10-07,204.07000732421875,204.1999969482422,194.2100067138672,194.2100067138672,500
2021-10-08,194.12899780273438,199.0,191.47999572753906,191.47999572753906,700
2021-10-11,190.1999969482422,197.60000610351562,190.0,197.60000610351562,1300
2021-10-12,194.25,196.0,190.0,190.0,800
2021-10-13,194.22000122070312,197.64999389648438,194.0,196.0,800
2021-10-14,196.0500030517578,197.64999389648438,194.0,194.0,300
2021-10-15,200.16000366210938,203.75,195.5,195.5,400
2021-10-18,198.5,202.0,194.0,199.0,500
2021-10-19,198.3000030517578,200.0,196.25999450683594,198.1300048828125,1900
2021-10-20,197.25,199.0,194.4499969482422,197.125,800
2021-10-21,195.0500030517578,198.0,192.0,198.0,1700
2021-10-22,197.0,198.0,193.5,196.75,500
2021-10-25,196.0,197.0,192.5,192.6999969482422,500
2021-10-26,198.39999389648438,200.55999755859375,196.75,199.5,1100
2021-10-27,196.10000610351562,199.5,192.0,192.0,100
2021-10-28,191.25,195.0,190.8800048828125,193.0,800
2021-10-29,189.0,193.25,188.0,189.30999755859375,1600
2021-11-01,190.375,194.1009979248047,188.0,188.0,2200
2021-11-02,176.13900756835938,187.0,175.7100067138672,187.0,6900
2021-11-03,176.0,180.0,170.14999389648438,170.14999389648438,800
2021-11-04,173.66000366210938,176.2449951171875,170.0,176.0,800
2021-11-05,169.375,175.60000610351562,166.5,175.60000610351562,4600
2021-11-08,166.75,175.0,165.19000244140625,165.19000244140625,1700
2021-11-09,170.0,177.33999633789062,167.8800048828125,177.33999633789062,2200
2021-11-10,169.375,174.8699951171875,167.24000549316406,174.8699951171875,600
2021-11-11,163.0,166.6699981689453,161.22000122070312,161.22000122070312,2200
2021-11-12,163.625,165.25,160.72000122070312,160.72000122070312,700
2021-11-15,161.60000610351562,169.2100067138672,160.72000122070312,169.2100067138672,1100
2021-11-16,161.25,162.25,158.83999633789062,160.72000122070312,2900
2021-11-17,157.77999877929688,160.0,156.55999755859375,160.0,800
2021-11-18,155.00999450683594,160.06300354003906,153.8000030517578,153.8000030517578,2300
2021-11-19,155.125,157.0,150.38999938964844,151.0,4000
2021-11-22,152.36000061035156,154.5,148.08999633789062,154.0,14900
2021-11-23,148.60499572753906,151.0,146.47999572753906,151.0,1800
2021-11-24,144.0,148.0,142.0,143.75,1800
2021-11-26,136.375,142.84300231933594,136.375,141.0,2000
2021-11-29,135.9499969482422,142.25,132.89999389648438,135.44000244140625,4100
2021-11-30,139.5,139.5,132.5,136.25999450683594,1400
2021-12-01,137.77000427246094,140.0,134.58999633789062,134.58999633789062,6500
2021-12-02,135.31500244140625,137.0,134.0,135.875,6100
2021-12-03,134.0,135.0,129.2899932861328,129.77999877929688,3700
2021-12-06,142.0,143.447998046875,133.19000244140625,133.19000244140625,3700
2021-12-07,145.47500610351562,147.17100524902344,142.14999389648438,142.14999389648438,1000
2021-12-08,150.41799926757812,152.25,144.9199981689453,146.8000030517578,1500
2021-12-09,144.0,150.4499969482422,143.4499969482422,144.30999755859375,900
2021-12-10,148.75,148.75,143.57000732421875,143.57000732421875,2500
2021-12-13,145.88999938964844,148.5800018310547,135.35000610351562,145.0,2000
2021-12-14,141.0,144.88299560546875,136.0,141.7100067138672,5700
2021-12-15,141.2989959716797,147.66000366210938,138.0,147.66000366210938,3100
2021-12-16,142.63800048828125,149.67999267578125,140.2899932861328,142.08999633789062,700
2021-12-17,146.72000122070312,152.14999389648438,141.80999755859375,150.92999267578125,700
2021-12-20,147.91000366210938,150.14999389648438,138.0500030517578,138.0500030517578,2100
2021-12-21,148.5,150.14999389648438,146.6999969482422,150.14999389648438,600
2021-12-22,149.2550048828125,152.4600067138672,146.0500030517578,146.0500030517578,5100
2021-12-23,152.447998046875,158.6699981689453,150.0399932861328,150.24000549316406,500
2021-12-27,155.56500244140625,159.75,146.5,146.5,5200
2021-12-28,155.5,157.0,146.25,146.25,500
2021-12-29,157.42999267578125,158.1699981689453,150.0,158.1699981689453,1500
2021-12-30,157.5,162.32000732421875,150.0,150.0,500
2021-12-31,157.5,164.25,155.0,161.93800354003906,800
2022-01-03,161.13999938964844,164.0,157.6199951171875,164.0,3500
2022-01-04,160.0,163.13999938964844,156.47999572753906,156.47999572753906,1500
2022-01-05,165.10000610351562,165.3800048828125,155.0,155.0,2500
2022-01-06,151.55999755859375,158.41000366210938,151.55999755859375,155.0,2000
2022-01-07,152.5,157.35000610351562,147.94000244140625,157.35000610351562,700
2022-01-10,153.8000030517578,158.02000427246094,146.99000549316406,150.0,1500
2022-01-11,160.0,160.75,150.2100067138672,154.0,2400
2022-01-12,156.60299682617188,165.1999969482422,154.32000732421875,154.5,600
2022-01-13,160.3300018310547,163.47999572753906,152.1999969482422,155.59300231933594,800
2022-01-14,157.0850067138672,160.75999450683594,152.5,160.75999450683594,1300
2022-01-18,148.375,152.25,146.25,151.0,2400
2022-01-19,152.25,155.5,148.0,148.0,600
2022-01-20,152.625,160.22999572753906,150.10000610351562,150.10000610351562,900
2022-01-21,149.0,152.0,145.75,151.75,900
2022-01-24,144.74000549316406,144.74000549316406,140.3800048828125,144.25,11700
2022-01-25,141.25,144.5,135.0399932861328,135.0399932861328,800
2022-01-26,148.57000732421875,150.5,137.72000122070312,139.83999633789062,1000
2022-01-27,140.0,146.25,138.2519989013672,138.2519989013672,1700
2022-01-28,145.75,150.99000549316406,141.83999633789062,141.83999633789062,500
2022-01-31,151.75999450683594,156.42999267578125,144.2899932861328,144.2899932861328,1700
2022-02-01,151.74000549316406,157.3300018310547,146.52000427246094,157.3300018310547,8100
2022-02-02,148.0500030517578,158.0,146.63999938964844,151.8730010986328,1500
2022-02-03,142.30999755859375,153.25,141.75999450683594,141.75999450683594,700
2022-02-04,144.5,146.75999450683594,138.50999450683594,146.57000732421875,300
2022-02-07,148.71499633789062,155.47000122070312,144.5500030517578,155.0399932861328,400
2022-02-08,153.75,153.75,141.0,141.0,700
2022-02-09,154.0399932861328,155.36000061035156,144.67999267578125,155.36000061035156,1500
2022-02-10,148.00999450683594,155.77999877929688,144.11000061035156,146.3699951171875,500
2022-02-11,145.5,156.0,145.5,148.27000427246094,400
2022-02-14,151.875,156.0,145.4600067138672,155.97999572753906,600
2022-02-15,146.02000427246094,153.4600067138672,146.00999450683594,153.4499969482422,500
2022-02-16,150.61399841308594,153.35000610351562,143.41000366210938,153.35000610351562,2800
2022-02-17,152.47300720214844,154.99000549316406,144.1199951171875,149.27499389648438,500
2022-02-18,145.60000610351562,149.52000427246094,138.0399932861328,149.52000427246094,600
2022-02-22,145.64999389648438,145.99000549316406,136.86000061035156,137.3000030517578,1000
2022-02-23,137.6300048828125,147.75,136.4600067138672,147.75,200
2022-02-24,137.1750030517578,139.5,129.75,133.1999969482422,500
2022-02-25,138.02499389648438,143.0,135.0,137.0,900
2022-02-28,141.36500549316406,145.0,136.0,136.0,1400
2022-03-01,124.56500244140625,130.8800048828125,122.55999755859375,122.55999755859375,3600
2022-03-02,122.63999938964844,127.05999755859375,118.75,127.05999755859375,1300
2022-03-03,115.47000122070312,120.9800033569336,111.0,118.75,5100
2022-03-04,105.70500183105469,112.12000274658203,101.76000213623047,112.0,3600
2022-03-07,104.33999633789062,114.05000305175781,102.44999694824219,107.54000091552734,2300
2022-03-08,108.1050033569336,109.45999908447266,102.55999755859375,105.0,1000
2022-03-09,114.43499755859375,116.4000015258789,108.97000122070312,108.97000122070312,2400
2022-03-10,112.44999694824219,115.58000183105469,109.33300018310547,115.58000183105469,2400
2022-03-11,117.91000366210938,121.5,114.87000274658203,114.87000274658203,1200
2022-03-14,114.04000091552734,121.1500015258789,112.95999908447266,112.95999908447266,400
2022-03-15,115.56800079345703,117.0,109.13999938964844,109.13999938964844,1600
2022-03-16,118.01000213623047,126.0,116.16999816894531,117.2249984741211,500
2022-03-17,119.37000274658203,124.58999633789062,116.80500030517578,116.80500030517578,1700
2022-03-18,122.66000366210938,128.17999267578125,118.95999908447266,123.25,2900
2022-03-21,119.31800079345703,124.55999755859375,116.63999938964844,116.83999633789062,200
2022-03-22,122.0,124.13999938964844,118.1500015258789,124.0999984741211,200
2022-03-23,118.5,123.16999816894531,114.69999694824219,123.16999816894531,300
2022-03-24,112.3499984741211,119.45999908447266,112.04000091552734,117.79000091552734,3100
2022-03-25,114.5199966430664,120.77999877929688,112.11000061035156,113.33999633789062,500
2022-03-28,114.0,119.0999984741211,113.0,113.01000213623047,500
2022-03-29,120.37999725341797,125.31999969482422,115.45999908447266,115.77999877929688,1800
2022-03-30,114.95500183105469,121.18000030517578,113.0199966430664,119.66000366210938,300
2022-03-31,116.0,120.75,113.0,113.19999694824219,1000
2022-04-01,118.61000061035156,118.61000061035156,113.01000213623047,114.447998046875,200
2022-04-04,118.3499984741211,121.19999694824219,114.76000213623047,121.19000244140625,1000
2022-04-05,117.5,120.29000091552734,114.30000305175781,115.70999908447266,200
2022-04-06,109.01000213623047,117.5,109.0,117.5,1000
2022-04-07,108.66000366210938,114.73999786376953,108.66000366210938,109.25,3500
2022-04-08,105.56999969482422,111.0,105.45999908447266,110.44999694824219,800
2022-04-11,109.375,114.43299865722656,108.5,108.5,2800
2022-04-12,107.5,112.0,106.0,107.0,1800
2022-04-13,106.41999816894531,111.98999786376953,104.26000213623047,104.26000213623047,700
2022-04-14,108.76000213623047,115.83000183105469,108.5199966430664,115.83000183105469,800
2022-04-18,111.43000030517578,112.0,107.30000305175781,107.30000305175781,900
2022-04-19,110.25,112.5,107.01000213623047,107.01000213623047,400
2022-04-20,110.625,113.0,108.25,110.875,1000
2022-04-21,107.66000366210938,111.75,107.66000366210938,109.0,100
2022-04-22,108.5,108.75,104.0,108.25,2000
2022-04-25,105.73999786376953,106.25,101.5,104.625,3700
2022-04-26,100.01000213623047,107.0,98.69999694824219,107.0,1600
2022-04-27,99.82499694824219,101.8499984741211,97.80000305175781,97.80000305175781,4600
2022-04-28,98.5999984741211,103.0,97.66000366210938,101.2750015258789,2200
2022-04-29,99.75,104.19999694824219,99.75,100.25,700
2022-05-02,100.25,104.98999786376953,98.05000305175781,98.25,1000
2022-05-03,101.25,104.23999786376953,99.75,99.75,900
2022-05-04,114.12999725341797,114.12999725341797,106.75,108.0,2700
2022-05-05,105.12999725341797,110.75,103.26000213623047,110.75,600
2022-05-06,104.5,105.375,103.0,104.25,1700
2022-05-09,97.1050033569336,102.0,96.19000244140625,102.0,1500
2022-05-10,100.9800033569336,104.5,99.0,104.5,2200
2022-05-11,100.25,105.5,100.25,103.74500274658203,1700
2022-05-12,100.7300033569336,105.0,99.25,99.25,700
2022-05-13,109.98999786376953,111.5,107.25,107.625,1400
2022-05-16,111.6500015258789,111.6500015258789,103.75,105.5,3100
2022-05-17,115.20999908447266,115.20999908447266,107.4000015258789,108.66000366210938,400
2022-05-18,113.95999908447266,114.1500015258789,107.4000015258789,108.74299621582031,700
2022-05-19,113.98999786376953,114.87000274658203,108.5,111.16500091552734,800
2022-05-20,112.31999969482422,118.97000122070312,110.37999725341797,115.0,1200
2022-05-23,117.25,119.73999786376953,114.75,115.0,1400
2022-05-24,112.0,117.0,111.25,112.0,1700
2022-05-25,115.75,117.73999786376953,113.0,114.875,500
2022-05-26,115.69999694824219,120.5,115.0,118.73999786376953,1500
2022-05-27,121.625,123.25,117.75,117.75,800
2022-05-31,122.0250015258789,124.55000305175781,119.5,123.98999786376953,4400
2022-06-01,115.125,119.25,113.8499984741211,116.75,2100
2022-06-02,111.98999786376953,113.62999725341797,111.1500015258789,112.2699966430664,500
2022-06-03,117.0,117.0,112.0,112.75,700
2022-06-06,111.0999984741211,120.9800033569336,111.0999984741211,120.9800033569336,66700
2022-06-07,114.125,117.30999755859375,110.69000244140625,113.3949966430664,600
2022-06-08,117.0,118.05999755859375,110.43000030517578,110.43000030517578,500
2022-06-09,110.19999694824219,113.19999694824219,109.69999694824219,109.69999694824219,200
2022-06-10,109.75,112.97000122070312,103.4000015258789,112.97000122070312,2100
2022-06-13,104.08000183105469,105.36000061035156,96.95999908447266,105.36000061035156,400
2022-06-14,100.51000213623047,100.70999908447266,95.19999694824219,95.20999908447266,300
2022-06-15,105.27799987792969,106.94000244140625,97.77999877929688,98.19300079345703,1300
2022-06-16,102.12999725341797,103.75,99.75,99.75,700
2022-06-17,100.29000091552734,103.77999877929688,96.52999877929688,99.65799713134766,200
2022-06-21,104.65499877929688,104.65499877929688,100.37000274658203,100.37000274658203,100
2022-06-22,102.22799682617188,107.44000244140625,99.97000122070312,99.97000122070312,1500
2022-06-23,102.83499908447266,106.94000244140625,99.66999816894531,106.94000244140625,200
2022-06-24,111.25,111.25,104.33999633789062,106.05999755859375,600
2022-06-27,104.54000091552734,109.05000305175781,104.54000091552734,104.80000305175781,300
2022-06-28,107.1500015258789,107.3499984741211,101.98999786376953,105.33000183105469,2000
2022-06-29,100.91799926757812,106.11000061035156,99.4800033569336,106.11000061035156,600
2022-06-30,102.1500015258789,102.16000366210938,97.11000061035156,101.0,400
2022-07-01,99.6449966430664,100.12999725341797,96.30000305175781,96.30000305175781,11600
2022-07-05,98.29000091552734,101.13999938964844,93.5199966430664,93.5199966430664,100
2022-07-06,102.0999984741211,103.16999816894531,99.36799621582031,99.36799621582031,500
2022-07-07,95.83000183105469,98.5,95.83000183105469,97.0,3200
2022-07-08,98.69999694824219,99.19999694824219,95.8499984741211,96.25,300
2022-07-11,92.11299896240234,96.9489974975586,92.11299896240234,96.9489974975586,300
2022-07-12,89.8499984741211,92.95899963378906,89.5,91.3499984741211,5500
2022-07-13,90.375,90.375,88.5,89.62999725341797,400
2022-07-14,90.05000305175781,91.9000015258789,88.30000305175781,91.9000015258789,500
2022-07-15,90.75,92.55000305175781,88.95999908447266,90.0250015258789,900
2022-07-18,91.23999786376953,96.43000030517578,89.88999938964844,90.0,200
2022-07-19,94.44999694824219,94.44999694824219,89.4800033569336,89.4800033569336,500
2022-07-20,97.43499755859375,97.5,95.1449966430664,95.1449966430664,1200
2022-07-21,98.77999877929688,98.77999877929688,93.61000061035156,95.49500274658203,2600
2022-07-22,101.7699966430664,101.8499984741211,96.58999633789062,99.19999694824219,2800
2022-07-25,95.55000305175781,95.55000305175781,95.5,95.5,600
2022-07-26,94.0,94.0,93.76499938964844,93.76499938964844,2000
2022-07-27,99.79499816894531,99.79499816894531,93.63999938964844,93.63999938964844,1400
2022-07-28,98.1500015258789,99.9000015258789,95.30000305175781,99.9000015258789,600
2022-07-29,100.0999984741211,100.0999984741211,96.9000015258789,96.9000015258789,1100
2022-08-01,99.26000213623047,101.75,97.5,97.5,800
2022-08-02,99.83100128173828,101.05000305175781,98.7040023803711,101.05000305175781,400
2022-08-03,100.01000213623047,101.5199966430664,100.0,101.5,300
2022-08-04,104.25,106.63999938964844,104.25,106.63999938964844,500
2022-08-05,107.05000305175781,107.05000305175781,103.0,103.0,400
2022-08-08,107.94499969482422,107.94499969482422,106.13999938964844,107.25,100
2022-08-09,105.0,105.0,101.83000183105469,101.83000183105469,1000
2022-08-10,108.48999786376953,112.31999969482422,108.19999694824219,108.19999694824219,800
2022-08-11,115.0,118.19999694824219,113.0199966430664,118.19999694824219,600
2022-08-12,131.07000732421875,131.5399932861328,123.01000213623047,123.01000213623047,5300
2022-08-15,130.52999877929688,131.64999389648438,128.6199951171875,131.02000427246094,1300
2022-08-16,128.0,129.5,127.5,127.51000213623047,600
2022-08-17,126.5,130.0,125.77999877929688,125.77999877929688,700
2022-08-18,128.9969940185547,131.0,128.61000061035156,131.0,1300
2022-08-19,128.125,128.125,125.75,125.75,800
2022-08-22,125.44499969482422,126.5,124.0,124.0,2000
2022-08-23,122.80000305175781,127.0,122.80000305175781,127.0,200
2022-08-24,129.10000610351562,129.10000610351562,128.60000610351562,128.60000610351562,100
2022-08-25,129.80499267578125,131.7100067138672,127.9000015258789,130.5,500
2022-08-26,128.88999938964844,132.4499969482422,124.05000305175781,132.4499969482422,100
2022-08-29,130.5,130.5,124.25,125.0,100
2022-08-30,129.00999450683594,129.00999450683594,121.94000244140625,121.94000244140625,100
2022-08-31,128.02999877929688,128.0800018310547,121.01000213623047,121.01000213623047,900
2022-09-01,114.8499984741211,118.25,114.8499984741211,118.20500183105469,1700
2022-09-02,120.06999969482422,122.11100006103516,115.87000274658203,122.11100006103516,4300
2022-09-06,115.16000366210938,120.58999633789062,114.20999908447266,120.58999633789062,6100
2022-09-07,117.29499816894531,117.29499816894531,113.62000274658203,113.62000274658203,100
2022-09-08,118.0,118.0,113.0,113.0,700
2022-09-09,121.31999969482422,121.31999969482422,117.0,118.25,400
2022-09-12,125.0999984741211,127.02999877929688,121.5,127.02999877929688,1500
2022-09-13,124.5,125.08100128173828,121.41000366210938,121.41000366210938,700
2022-09-14,121.94999694824219,122.43000030517578,116.98999786376953,122.43000030517578,100
2022-09-15,121.94999694824219,121.94999694824219,121.94999694824219,121.94999694824219,0
2022-09-16,119.52999877929688,119.52999877929688,116.79000091552734,116.79000091552734,100
2022-09-19,115.0,120.18000030517578,112.0,116.69999694824219,100
2022-09-20,118.44000244140625,119.5,112.19000244140625,119.5,100
2022-09-21,111.98500061035156,117.97000122070312,111.97000122070312,117.97000122070312,1700
2022-09-22,110.16500091552734,115.8499984741211,107.9000015258789,115.8499984741211,300
2022-09-23,106.0,109.87000274658203,104.5,109.87000274658203,600
2022-09-26,108.44000244140625,108.80999755859375,103.6500015258789,108.70999908447266,700
2022-09-27,105.25,110.0,105.25,110.0,1600
2022-09-28,105.13999938964844,111.0,105.13999938964844,105.19999694824219,1100
2022-09-29,109.55000305175781,109.55000305175781,103.75,105.79000091552734,700
2022-09-30,106.322998046875,112.2300033569336,106.322998046875,109.55000305175781,200
2022-10-03,106.76000213623047,108.3499984741211,106.76000213623047,108.0999984741211,500
2022-10-04,116.26000213623047,121.80000305175781,113.44999694824219,113.44999694824219,2100
2022-10-05,118.31999969482422,118.31999969482422,114.04000091552734,115.0,100
2022-10-06,116.99099731445312,118.62999725341797,116.0,116.0,1100
2022-10-07,116.58999633789062,117.08999633789062,112.44999694824219,112.44999694824219,100
2022-10-10,112.5250015258789,116.30000305175781,110.0,116.30000305175781,1000
2022-10-11,109.1500015258789,113.80999755859375,109.0,113.80999755859375,300
2022-10-12,112.91000366210938,112.91000366210938,107.44999694824219,107.44999694824219,1800
2022-10-13,118.37000274658203,118.37000274658203,111.25,113.8499984741211,1800
2022-10-14,113.30000305175781,116.00499725341797,113.30000305175781,114.0,100
2022-10-17,120.125,124.0,115.6500015258789,115.6500015258789,800
2022-10-18,124.5,125.0,121.8499984741211,125.0,400
2022-10-19,120.95999908447266,120.95999908447266,117.3499984741211,117.3499984741211,100
2022-10-20,124.75,124.75,114.4000015258789,118.41000366210938,300
2022-10-21,117.24400329589844,121.9800033569336,114.05000305175781,116.55999755859375,200
2022-10-24,123.52999877929688,123.52999877929688,118.30999755859375,118.30999755859375,100
2022-10-25,131.27999877929688,131.77000427246094,124.0,124.0,1100
2022-10-26,130.5,134.99000549316406,125.01000213623047,125.01000213623047,700
2022-10-27,129.25,136.71299743652344,127.0,134.63600158691406,10800
2022-10-28,131.27000427246094,131.6699981689453,130.0,130.0,100
2022-10-31,133.51300048828125,135.9499969482422,126.68800354003906,130.0,2500
2022-11-01,135.25999450683594,135.25999450683594,128.91000366210938,131.8000030517578,700
2022-11-02,137.25,138.14999389648438,132.9499969482422,138.14999389648438,200
2022-11-03,125.69000244140625,128.47000122070312,123.19999694824219,125.83999633789062,500
2022-11-04,131.9199981689453,131.9199981689453,125.88999938964844,125.88999938964844,1800
2022-11-07,137.0,138.89999389648438,133.5,133.5,1300
2022-11-08,138.97999572753906,138.97999572753906,134.0,135.13999938964844,100
2022-11-09,133.50999450683594,133.50999450683594,129.5,131.02499389648438,200
2022-11-10,139.17999267578125,139.17999267578125,129.6999969482422,129.6999969482422,700
2022-11-11,134.0,140.25999450683594,132.97999572753906,137.60000610351562,4800
2022-11-14,132.02999877929688,136.75,132.02999877929688,132.75399780273438,12600
2022-11-15,135.11000061035156,137.66000366210938,132.5,132.9499969482422,500
2022-11-16,136.5,136.5,128.0,128.0,300
2022-11-17,132.25,134.99000549316406,128.10000610351562,133.83999633789062,400
2022-11-18,135.33999633789062,136.1300048828125,134.83999633789062,134.83999633789062,400
2022-11-21,137.0,137.0,131.33999633789062,132.5500030517578,400
2022-11-22,135.0,138.5,135.0,138.5,1000
2022-11-23,143.19000244140625,143.1999969482422,137.75,137.75,400
2022-11-25,142.5,144.83999633789062,139.5399932861328,144.83999633789062,3800
2022-11-28,142.75,145.0,140.5,142.5,200
2022-11-29,143.125,146.5,139.75999450683594,139.75999450683594,100
2022-11-30,148.5,148.5749969482422,142.75,143.5,5600
2022-12-01,147.38999938964844,150.0,145.30999755859375,148.5,600
2022-12-02,147.4600067138672,149.6699981689453,143.72000122070312,149.25,200
2022-12-05,148.7100067138672,150.3000030517578,145.0,150.3000030517578,1300
2022-12-06,143.7899932861328,148.1999969482422,143.7899932861328,148.1999969482422,300
2022-12-07,143.7050018310547,143.7050018310547,140.35000610351562,140.36000061035156,500
2022-12-08,145.25,145.625,139.5,139.5,1200
2022-12-09,145.2100067138672,145.6649932861328,143.72999572753906,145.5,900
2022-12-12,147.55999755859375,148.19000244140625,144.39999389648438,144.39999389648438,3500
2022-12-13,148.5,152.0,147.02000427246094,149.5,8700
2022-12-14,147.50999450683594,148.0,145.25,146.56300354003906,300
2022-12-15,145.1999969482422,145.1999969482422,140.00999450683594,142.1999969482422,800
2022-12-16,139.73899841308594,140.0,137.02000427246094,140.0,500
2022-12-19,139.19000244140625,142.7100067138672,137.1300048828125,139.0,13800
2022-12-20,137.63499450683594,138.24000549316406,134.57000732421875,134.57000732421875,500
2022-12-21,136.0,142.67999267578125,135.67999267578125,142.67999267578125,1500
2022-12-22,138.0,143.60000610351562,133.88999938964844,143.60000610351562,100
2022-12-23,139.47500610351562,139.88499450683594,136.10000610351562,136.10000610351562,500
2022-12-27,139.69000244140625,142.0,134.58299255371094,142.0,200
2022-12-28,134.0,137.45899963378906,134.0,137.25,2600
2022-12-29,138.5850067138672,138.5850067138672,134.5,134.5,600
2022-12-30,134.75,139.25,134.25,134.25,400
2023-01-03,138.72999572753906,140.0,137.0,137.0,200
2023-01-04,142.47999572753906,142.5,141.625,141.625,100
2023-01-05,137.50999450683594,138.6230010986328,137.50999450683594,138.6230010986328,200
2023-01-06,145.75,145.75,139.5,139.5,200
2023-01-09,149.6230010986328,154.5,148.0,154.5,1700
2023-01-10,150.49000549316406,151.0399932861328,148.29600524902344,148.29600524902344,3300
2023-01-11,151.10000610351562,151.22500610351562,149.72500610351562,151.22500610351562,400
2023-01-12,150.42799377441406,151.89999389648438,150.0,151.6999969482422,2400
2023-01-13,151.97500610351562,153.1649932861328,148.0,148.0,700
2023-01-17,150.31500244140625,152.97999572753906,147.63999938964844,152.5,6500
2023-01-18,152.86000061035156,154.5,146.5399932861328,149.25,7300
2023-01-19,151.45199584960938,152.97000122070312,149.5,151.22300720214844,2400
2023-01-20,152.25,156.5500030517578,151.75,152.85000610351562,2600
2023-01-23,153.02000427246094,158.18299865722656,152.25,158.18299865722656,700
2023-01-24,163.0,163.17999267578125,156.0,157.49000549316406,2600
2023-01-25,155.0,160.0500030517578,155.0,160.0500030517578,500
2023-01-26,157.375,160.75,154.0,155.75,200
2023-01-27,151.22999572753906,156.3800048828125,151.19000244140625,155.89999389648438,300
2023-01-30,155.42999267578125,155.42999267578125,150.5,154.75,1100
2023-01-31,154.625,158.25,151.25,158.25,200
2023-02-01,151.00999450683594,156.75,151.00999450683594,153.75,400
2023-02-02,160.25,163.0,158.9600067138672,159.9499969482422,4000
2023-02-03,161.4199981689453,163.91000366210938,155.50999450683594,161.0,1200
2023-02-06,152.0,160.0,152.0,160.0,700
2023-02-07,154.8699951171875,156.9499969482422,151.17999267578125,156.9499969482422,700
2023-02-08,154.625,158.75,151.25,158.75,200
2023-02-09,151.5,158.5,151.5,155.28799438476562,2200
2023-02-10,145.0,152.35000610351562,143.25,145.4499969482422,1700
2023-02-13,152.47999572753906,153.75,149.6699981689453,151.8800048828125,5900
2023-02-14,158.15499877929688,158.5,151.60000610351562,156.0,2200
2023-02-15,158.72999572753906,161.24000549316406,154.0,160.25,700
2023-02-16,163.75,164.0,157.10000610351562,160.0,200
2023-02-17,165.39599609375,166.14999389648438,160.8300018310547,162.0,1400
2023-02-21,168.74000549316406,170.1999969482422,165.0,168.85000610351562,800
2023-02-22,165.35000610351562,168.5,162.22000122070312,166.0,800
2023-02-23,165.75,170.50999450683594,165.0,170.50999450683594,300
2023-02-24,159.07000732421875,161.25,155.43899536132812,161.25,1600
2023-02-27,161.06300354003906,161.06300354003906,159.0,159.0,700
2023-02-28,157.75,162.5,157.75,161.05999755859375,100
2023-03-01,162.0,164.5,162.0,162.75,200
2023-03-02,156.50999450683594,160.625,156.50999450683594,160.25,100
2023-03-03,159.47500610351562,162.5,158.52000427246094,162.5,100
2023-03-06,163.22000122070312,169.82000732421875,163.22000122070312,163.22000122070312,800
2023-03-07,169.3800048828125,173.9600067138672,164.27999877929688,173.9600067138672,4300
2023-03-08,162.85000610351562,168.85000610351562,162.85000610351562,168.85000610351562,1200
2023-03-09,163.5800018310547,168.0,163.5800018310547,166.68800354003906,1900
2023-03-10,167.0,171.0,165.9499969482422,165.9499969482422,2700
2023-03-13,166.75,166.75,162.5,162.5,3900
2023-03-14,170.0,170.0,166.75,166.75999450683594,1500
2023-03-15,162.09300231933594,162.09300231933594,156.85000610351562,158.25,900
2023-03-16,166.1959991455078,170.99000549316406,162.25,163.39999389648438,300
2023-03-17,167.0,169.85000610351562,164.4499969482422,164.4499969482422,400
2023-03-20,164.50999450683594,168.125,164.5,165.0,300
2023-03-21,171.89999389648438,175.0,169.25,169.25,1100
2023-03-22,170.3300018310547,177.5,170.3300018310547,177.5,200
2023-03-23,175.9199981689453,176.1199951171875,170.44000244140625,172.96299743652344,200
2023-03-24,170.47999572753906,173.9499969482422,166.9600067138672,173.0,200
2023-03-27,171.89999389648438,175.6699981689453,171.89999389648438,171.91000366210938,100
2023-03-28,170.4499969482422,176.5,170.4499969482422,174.25,300
2023-03-29,177.35000610351562,177.4770050048828,175.0,175.0,1200
2023-03-30,181.5,183.75,177.35000610351562,183.75,1900
2023-03-31,181.60000610351562,182.5,181.60000610351562,182.0,2400
2023-04-03,180.0,182.5,177.75,181.5,1100
2023-04-04,181.156005859375,181.61000061035156,180.5,180.5,100
2023-04-05,178.5,182.0,178.5,182.0,600
2023-04-06,183.25,183.9499969482422,177.0,177.0,800
2023-04-10,181.4250030517578,189.64999389648438,179.0,189.64999389648438,100
2023-04-11,186.75,189.99000549316406,184.77000427246094,184.77000427246094,1000
2023-04-12,186.2550048828125,188.5,185.375,185.375,100
2023-04-13,190.0,191.75,189.22500610351562,191.75,500
2023-04-14,182.07000732421875,190.3000030517578,182.07000732421875,190.0,5200
2023-04-17,187.0,187.14999389648438,183.35000610351562,183.35000610351562,300
2023-04-18,192.5399932861328,195.64999389648438,189.8300018310547,191.0,1600
2023-04-19,195.25,195.99000549316406,192.4720001220703,195.99000549316406,300
2023-04-20,195.25,197.0,193.75,194.14999389648438,300
2023-04-21,198.0,198.60000610351562,193.75,198.60000610351562,800
2023-04-24,195.44000244140625,200.0,193.75,200.0,400
2023-04-25,196.0,198.8000030517578,196.0,196.1999969482422,4500
2023-04-26,199.25,200.42999267578125,197.9949951171875,198.0,1000
2023-04-27,195.0,200.64999389648438,194.5,197.25,800
2023-04-28,198.5,201.89999389648438,198.5,199.74000549316406,300
2023-05-01,199.0,199.0,196.64999389648438,197.6999969482422,400
2023-05-02,195.4600067138672,202.0,195.4600067138672,202.0,1000
2023-05-03,196.0,197.61000061035156,191.25,196.0,1400
2023-05-04,192.33999633789062,196.0,191.4499969482422,191.4499969482422,1100
2023-05-05,196.25799560546875,196.5500030517578,193.5,194.27499389648438,1200
2023-05-08,198.25,199.10000610351562,193.0,193.0,300
2023-05-09,200.5,202.30999755859375,194.0,198.15499877929688,300
2023-05-10,199.2899932861328,202.0,197.0800018310547,202.0,100
2023-05-11,198.5850067138672,200.4199981689453,196.0,196.5,2100
2023-05-12,199.4499969482422,201.3000030517578,198.60000610351562,198.60000610351562,400
2023-05-15,201.9199981689453,205.6999969482422,199.6999969482422,205.6999969482422,1400
2023-05-16,200.5,202.5,200.00999450683594,201.85000610351562,300
2023-05-17,202.15499877929688,203.0,200.0,201.5,2500
2023-05-18,200.5,207.13999938964844,199.9499969482422,207.13999938964844,900
2023-05-19,203.75,205.0,201.8000030517578,201.8000030517578,1600
2023-05-22,208.0,208.0,205.0,207.0,400
2023-05-23,203.7899932861328,205.5,201.72999572753906,202.42999267578125,1200
2023-05-24,194.44500732421875,198.0,192.0,192.1999969482422,1000
2023-05-25,195.05499267578125,199.1999969482422,192.5,199.1999969482422,600
2023-05-26,198.2949981689453,198.2949981689453,194.75,196.25,900
2023-05-30,195.25,201.0,194.8300018310547,201.0,900
2023-05-31,195.3000030517578,200.0,191.8800048828125,191.8800048828125,200
2023-06-01,198.22500610351562,198.22500610351562,195.3000030517578,195.3000030517578,100
2023-06-02,199.67999267578125,200.0,198.25,198.25,300
2023-06-05,196.0,198.5,195.5,198.5,100
2023-06-06,195.0,195.5,192.50999450683594,195.0,700
2023-06-07,192.0,194.24000549316406,192.0,194.0,1200
2023-06-08,191.49000549316406,193.56500244140625,191.49000549316406,192.0,400
2023-06-09,191.0800018310547,194.0,185.0500030517578,190.0,800
2023-06-12,191.6999969482422,193.3249969482422,189.60000610351562,189.60000610351562,200
2023-06-13,197.68600463867188,199.0,196.0,197.1529998779297,800
2023-06-14,195.82000732421875,201.5500030517578,194.22999572753906,200.0,1100
2023-06-15,198.50599670410156,198.50599670410156,193.60000610351562,193.61000061035156,100
2023-06-16,203.2010040283203,205.4499969482422,199.75999450683594,199.75999450683594,3400
2023-06-20,205.37399291992188,207.03500366210938,203.0,205.0,4300
2023-06-21,204.81500244140625,205.9250030517578,197.0,197.0,500
2023-06-22,199.77499389648438,204.1199951171875,198.6199951171875,200.0,100
2023-06-23,193.14999389648438,197.5,192.9499969482422,197.02999877929688,300
2023-06-26,192.22999572753906,196.46299743652344,192.14999389648438,193.875,300
2023-06-27,197.63099670410156,197.97000122070312,194.00100708007812,196.0,2500
2023-06-28,199.99000549316406,200.42999267578125,197.58299255371094,199.60000610351562,300
2023-06-29,194.98800659179688,196.74000549316406,191.89999389648438,195.0,1100
2023-06-30,194.66000366210938,200.0,194.64999389648438,194.64999389648438,800
2023-07-03,194.0,200.07000732421875,194.0,200.07000732421875,100
2023-07-05,194.27000427246094,196.47500610351562,194.10000610351562,194.10000610351562,300
2023-07-06,185.5,189.80999755859375,182.75999450683594,189.80999755859375,700
2023-07-07,189.8679962158203,189.8679962158203,186.5,186.5,200
2023-07-10,192.55299377441406,195.4499969482422,189.60000610351562,189.60000610351562,1400
2023-07-11,199.75,200.0,195.85000610351562,195.85000610351562,3400
2023-07-12,204.0,204.0,202.0,202.0,2000
2023-07-13,208.67999267578125,210.0,207.75,207.75,800
2023-07-14,205.3800048828125,210.0,205.27999877929688,208.67999267578125,600
2023-07-17,203.0,206.26300048828125,200.0,200.0,100
2023-07-18,203.34800720214844,207.16799926757812,200.0800018310547,203.6199951171875,800
2023-07-19,203.875,205.74000549316406,203.25,205.74000549316406,1900
2023-07-20,196.6999969482422,200.61000061035156,196.60000610351562,200.0,400
2023-07-21,197.375,197.375,192.11000061035156,192.11000061035156,100
2023-07-24,197.27999877929688,197.3800048828125,188.5,188.5,400
2023-07-25,192.3000030517578,197.0,191.0,191.5500030517578,1900
2023-07-26,192.0,194.0,185.25,185.25,500
2023-07-27,192.3300018310547,197.3800048828125,190.0,190.0,200
2023-07-28,197.031005859375,198.0,192.1300048828125,192.1300048828125,200
2023-07-31,199.35000610351562,200.02000427246094,198.55799865722656,199.0,400
2023-08-01,195.0,196.1750030517578,193.35899353027344,196.1750030517578,100
2023-08-02,187.89999389648438,193.0,186.5,193.0,600
2023-08-03,186.8000030517578,189.4499969482422,183.57000732421875,189.4499969482422,600
2023-08-04,192.0,194.1750030517578,192.0,194.1750030517578,200
2023-08-07,193.52000427246094,195.0,191.11000061035156,191.11000061035156,1000
2023-08-08,190.9499969482422,191.9499969482422,187.35000610351562,187.35000610351562,100
2023-08-09,185.8800048828125,187.58999633789062,180.0,184.0,1900
2023-08-10,186.39999389648438,189.0,184.9550018310547,186.0,300
2023-08-11,183.1199951171875,183.1199951171875,181.9499969482422,183.11000061035156,400
2023-08-14,181.5399932861328,181.5399932861328,177.5,178.3300018310547,900
2023-08-15,178.6750030517578,180.25,177.6999969482422,180.0,200
2023-08-16,176.80999755859375,176.80999755859375,173.08999633789062,175.0,500
2023-08-17,172.25,175.67999267578125,167.75,175.67999267578125,200
2023-08-18,167.8300018310547,172.1999969482422,164.0,172.1999969482422,1200
2023-08-21,172.4499969482422,172.4499969482422,166.9499969482422,166.9499969482422,100
2023-08-22,173.4199981689453,177.13600158691406,173.0,173.0,600
2023-08-23,176.9550018310547,179.8000030517578,171.89999389648438,171.89999389648438,1000
2023-08-24,173.8990020751953,179.0,173.8990020751953,175.0,700
2023-08-25,178.0,183.66000366210938,175.13999938964844,180.0,1300
2023-08-28,180.8699951171875,182.2259979248047,178.0,178.0,300
2023-08-29,180.19000244140625,182.42999267578125,177.3800048828125,181.11000061035156,700
2023-08-30,180.75,181.0,177.5800018310547,180.0,200
2023-08-31,184.0,184.64999389648438,178.63699340820312,183.0,300
2023-09-01,181.7949981689453,186.0399932861328,177.5500030517578,177.5500030517578,500
2023-09-05,178.2949981689453,181.35000610351562,175.6999969482422,181.35000610351562,100
2023-09-06,173.25,174.0,169.9199981689453,169.9199981689453,1800
2023-09-07,176.07000732421875,176.07000732421875,171.1999969482422,171.1999969482422,200
2023-09-08,179.5,179.5,175.14999389648438,175.14999389648438,200
2023-09-11,178.2050018310547,179.07000732421875,174.00999450683594,174.00999450683594,800
2023-09-12,179.2100067138672,179.2100067138672,175.07000732421875,177.17799377441406,6400
2023-09-13,176.4250030517578,178.67999267578125,175.0,178.67999267578125,400
2023-09-14,182.22000122070312,183.0,175.6699981689453,175.6699981689453,800
2023-09-15,185.41000366210938,187.48399353027344,182.3800048828125,182.5,400
2023-09-18,181.47999572753906,185.39999389648438,177.2899932861328,185.39999389648438,5100
2023-09-19,180.4550018310547,180.4550018310547,178.91000366210938,178.9600067138672,600
2023-09-20,182.0,182.0,178.25,182.0,200
2023-09-21,174.77499389648438,179.47999572753906,172.0,179.47999572753906,400
2023-09-22,174.86000061035156,174.86000061035156,170.0,172.0,3300
2023-09-25,164.5,168.0500030517578,160.8000030517578,168.0500030517578,800
2023-09-26,167.75,168.75,165.35000610351562,165.35000610351562,200
2023-09-27,164.63999938964844,169.0,162.27999877929688,164.14999389648438,100
2023-09-28,168.8000030517578,168.8000030517578,161.5,162.25,500
2023-09-29,160.77999877929688,165.02499389648438,160.77999877929688,165.02499389648438,100
2023-10-02,161.0,163.0,159.99899291992188,162.25,400
2023-10-03,161.4250030517578,161.875,159.60000610351562,161.875,100
2023-10-04,157.25,160.0,157.25,159.75,100
2023-10-05,160.6999969482422,160.6999969482422,159.25,159.25,200
2023-10-06,161.0,164.13800048828125,161.0,161.79800415039062,500
2023-10-09,155.8000030517578,160.0,155.25,160.0,300
2023-10-10,166.94200134277344,168.49000549316406,161.5,161.5,100
2023-10-11,168.0,170.73800659179688,168.0,168.5,500
2023-10-12,165.63499450683594,166.4199981689453,164.8509979248047,166.35400390625,100
2023-10-13,160.2969970703125,161.1199951171875,158.1999969482422,161.1199951171875,100
2023-10-16,165.06300354003906,165.06300354003906,160.25,160.25,100
2023-10-17,165.0,165.0,155.5,155.5,100
2023-10-18,156.0500030517578,164.0,155.75,157.25,600
2023-10-19,154.8000030517578,159.75,154.00999450683594,159.75,800
2023-10-20,150.56500244140625,154.75,150.56500244140625,154.75,300
2023-10-23,158.5,158.5,152.5,152.5,200
2023-10-24,156.93600463867188,159.0,155.97999572753906,158.75,400
2023-10-25,156.0,156.31399536132812,154.55799865722656,154.55799865722656,300
2023-10-26,151.75,156.35000610351562,150.4709930419922,156.35000610351562,400
2023-10-27,155.00999450683594,155.75,152.47999572753906,155.0,600
2023-10-30,155.90499877929688,158.0,153.22999572753906,153.22999572753906,1100
2023-10-31,155.60000610351562,156.9949951171875,154.64300537109375,155.84800720214844,100
2023-11-01,157.10000610351562,160.89999389648438,155.0,156.0,600
2023-11-02,166.2100067138672,166.2100067138672,160.9499969482422,162.5800018310547,500
2023-11-03,170.7449951171875,174.58999633789062,170.7449951171875,171.0,400
2023-11-06,170.0449981689453,170.0449981689453,170.0449981689453,170.0449981689453,100
2023-11-07,166.0449981689453,166.0449981689453,164.08299255371094,164.08299255371094,200
2023-11-08,168.88999938964844,168.97500610351562,166.02000427246094,168.97500610351562,100
2023-11-09,151.89999389648438,152.66000366210938,149.0,151.75,2600
2023-11-10,148.56700134277344,150.0500030517578,148.0,149.0,900
2023-11-13,148.30299377441406,151.02999877929688,148.30299377441406,150.0,10400
2023-11-14,158.14500427246094,159.25,154.61000061035156,155.0,1700
2023-11-15,157.88800048828125,158.0,154.38999938964844,158.0,1000
2023-11-16,153.50999450683594,158.22999572753906,149.0,158.22999572753906,1000
2023-11-17,155.00999450683594,163.0,151.5,157.39999389648438,500
2023-11-20,157.22000122070312,166.57000732421875,157.22000122070312,157.22000122070312,1100
2023-11-21,157.875,164.0,154.75,154.75,400
2023-11-22,165.30999755859375,165.30999755859375,155.35000610351562,160.7949981689453,600
2023-11-24,153.49000549316406,155.3179931640625,153.49000549316406,155.3179931640625,100
2023-11-27,151.75,156.50999450683594,151.4499969482422,151.4499969482422,200
2023-11-28,154.99000549316406,162.4499969482422,154.99000549316406,162.4499969482422,200
2023-11-29,159.6999969482422,159.6999969482422,152.58999633789062,153.08999633789062,400
2023-11-30,157.89999389648438,160.86000061035156,155.6999969482422,160.86000061035156,100
2023-12-01,156.0,159.5,150.64999389648438,150.64999389648438,500
2023-12-04,156.48500061035156,160.1999969482422,152.77000427246094,157.0,600
2023-12-05,156.88800048828125,157.83999633789062,153.75,153.75,1100
2023-12-06,163.6199951171875,164.0500030517578,159.5500030517578,159.5500030517578,1000
2023-12-07,162.24000549316406,162.2899932861328,161.19000244140625,162.0,600
2023-12-08,164.60000610351562,165.0,164.10000610351562,164.10000610351562,100
2023-12-11,166.00999450683594,166.00999450683594,163.1999969482422,163.3000030517578,300
2023-12-12,164.75,165.0,164.625,165.0,300
2023-12-13,165.0500030517578,165.0500030517578,160.1999969482422,161.5,700
2023-12-14,168.5469970703125,172.25,165.61000061035156,166.0,1000
2023-12-15,170.0,171.375,169.8000030517578,169.8000030517578,100
2023-12-18,169.25,170.0,168.10000610351562,168.10000610351562,700
2023-12-19,177.0050048828125,177.0050048828125,171.77000427246094,171.77000427246094,2700
2023-12-20,179.38600158691406,182.2550048828125,179.0,179.0,1800
2023-12-21,179.0,179.5,177.0,179.5,200
2023-12-22,177.78500366210938,180.0,177.14999389648438,179.3000030517578,400
2023-12-26,180.0,180.0,174.6999969482422,174.6999969482422,400
2023-12-27,179.25,183.25,176.0,183.25,10100
2023-12-28,174.9600067138672,182.0,173.4499969482422,182.0,400
2023-12-29,179.0,179.0,174.0,174.0,500
2024-01-02,174.27999877929688,177.49000549316406,171.07000732421875,177.14999389648438,700
2024-01-03,169.25,175.9600067138672,169.0,170.00999450683594,900
2024-01-04,170.74000549316406,172.75,167.18299865722656,172.75,100
2024-01-05,167.0500030517578,173.0500030517578,165.3000030517578,170.75,400
2024-01-08,171.2899932861328,171.75999450683594,165.5,165.5,500
2024-01-09,168.16299438476562,172.0,165.25,169.8000030517578,800
2024-01-10,162.84500122070312,166.75,159.0,166.75,700
2024-01-11,158.427001953125,165.11000061035156,158.427001953125,165.0,600
2024-01-12,158.63400268554688,166.0,158.55999755859375,162.10000610351562,700
2024-01-16,166.75,167.4250030517578,163.0,163.0,400
2024-01-17,164.75,169.5,164.75,169.5,5200
2024-01-18,192.4250030517578,193.02000427246094,187.38999938964844,187.38999938964844,800
2024-01-19,199.5850067138672,200.0,194.2830047607422,197.25,5600
2024-01-22,198.24000549316406,201.22000122070312,196.51499938964844,199.4199981689453,2000
2024-01-23,198.0,200.0,196.5050048828125,200.0,200
2024-01-24,203.0,206.39999389648438,200.14999389648438,200.14999389648438,2200
2024-01-25,201.00999450683594,205.9600067138672,198.10000610351562,202.5,1200
2024-01-26,205.0,207.0,202.5,205.0,2700
2024-01-29,205.5,212.0,205.0,212.0,444200
2024-01-30,206.75,210.9199981689453,202.0,208.8800048828125,249800
2024-01-31,207.63999938964844,209.19000244140625,206.30999755859375,207.1300048828125,178800
2024-02-01,209.5,209.5,206.1999969482422,208.82000732421875,91600
2024-02-02,216.5,216.5,206.4600067138672,206.47999572753906,111900
2024-02-05,212.0,213.0,207.8800048828125,210.52000427246094,263600
2024-02-06,209.27000427246094,212.05999755859375,209.0800018310547,210.74000549316406,179700
2024-02-07,207.27000427246094,210.2100067138672,207.27000427246094,209.5,94400
2024-02-08,209.6999969482422,214.0,209.25999450683594,210.58999633789062,96800
2024-02-09,216.85000610351562,217.07000732421875,210.8000030517578,211.89999389648438,121800
2024-02-12,213.4499969482422,214.75,211.08999633789062,213.94000244140625,216100
2024-02-13,204.0500030517578,206.39999389648438,202.57000732421875,204.74000549316406,220900
2024-02-14,208.10000610351562,209.0449981689453,206.60000610351562,208.8800048828125,236800
2024-02-15,214.3000030517578,215.05999755859375,207.9250030517578,210.1649932861328,236400
2024-02-16,213.38999938964844,217.22999572753906,212.72000122070312,217.0,167600
2024-02-20,206.5,212.45599365234375,206.0800018310547,212.16000366210938,150800
2024-02-21,205.42999267578125,206.00999450683594,202.63999938964844,205.2100067138672,80000
2024-02-22,210.97999572753906,213.3249969482422,206.80299377441406,207.55999755859375,165200
2024-02-23,211.97999572753906,211.97999572753906,209.5,210.1300048828125,63700
2024-02-26,210.89999389648438,213.27999877929688,209.77999877929688,210.77999877929688,95900
2024-02-27,216.5,218.0,213.3699951171875,213.4199981689453,120100
2024-02-28,215.14999389648438,215.50999450683594,213.08999633789062,215.0399932861328,115300
2024-02-29,217.86000061035156,220.77999877929688,214.77000427246094,220.77999877929688,172300
2024-03-01,216.0,217.36000061035156,214.4600067138672,216.55999755859375,80800
2024-03-04,214.63999938964844,215.0800018310547,212.6300048828125,212.86000061035156,70500
2024-03-05,213.99000549316406,216.0,213.02999877929688,213.97000122070312,46500
2024-03-06,220.1199951171875,221.8000030517578,216.1999969482422,216.7100067138672,103600
2024-03-07,221.32000732421875,221.9199981689453,216.9499969482422,218.1300048828125,198800
2024-03-08,218.0,220.8699951171875,216.3699951171875,220.57000732421875,96300
2024-03-11,218.5,219.58999633789062,213.3699951171875,214.07000732421875,66700
2024-03-12,221.3000030517578,222.89999389648438,217.0500030517578,218.17999267578125,84600
2024-03-13,225.6300048828125,226.39999389648438,223.3509979248047,225.02999877929688,108500
2024-03-14,222.88999938964844,225.10000610351562,221.02000427246094,225.10000610351562,100500
2024-03-15,216.07000732421875,221.77999877929688,216.07000732421875,219.5,121900
2024-03-18,214.4499969482422,215.2550048828125,212.47000122070312,214.3800048828125,68900
2024-03-19,215.6999969482422,216.39999389648438,212.97999572753906,213.94000244140625,91700
2024-03-20,217.25,218.3800048828125,212.08099365234375,212.94000244140625,114700
2024-03-21,218.0399932861328,219.80499267578125,216.16000366210938,218.75,256000
2024-03-22,218.8699951171875,220.19000244140625,216.7100067138672,219.0800018310547,145000
2024-03-25,217.0,219.39500427246094,216.86000061035156,219.00999450683594,173900
2024-03-26,214.83999633789062,219.80999755859375,214.3000030517578,216.66000366210938,267100
2024-03-27,202.2899932861328,208.89999389648438,195.5,208.89999389648438,644200
2024-03-28,197.49000549316406,204.42999267578125,196.49000549316406,204.42999267578125,338300
2024-04-01,196.3699951171875,198.89999389648438,194.6199951171875,197.4600067138672,169300
2024-04-02,191.97000122070312,195.16000366210938,190.75999450683594,192.7899932861328,273900
2024-04-03,199.17999267578125,202.3699951171875,194.13999938964844,194.13999938964844,376200
2024-04-04,200.99000549316406,201.35000610351562,198.2449951171875,200.14999389648438,615300
2024-04-05,201.3000030517578,202.4600067138672,197.57000732421875,197.8000030517578,425300
2024-04-08,192.64999389648438,199.3000030517578,191.60000610351562,199.2100067138672,288400
2024-04-09,199.1699981689453,199.5,195.72999572753906,197.44000244140625,227300
2024-04-10,195.47000122070312,197.64999389648438,194.94000244140625,196.67999267578125,152500
2024-04-11,191.77000427246094,194.57000732421875,190.625,194.39999389648438,269700
2024-04-12,186.41000366210938,189.64999389648438,184.47999572753906,189.24000549316406,384500
2024-04-15,184.00999450683594,188.80999755859375,183.57000732421875,188.6699981689453,164500
2024-04-16,184.3300018310547,186.52499389648438,183.8000030517578,186.32000732421875,180400
2024-04-17,181.3000030517578,186.02999877929688,180.6300048828125,185.86000061035156,225300
2024-04-18,183.5399932861328,184.7100067138672,182.47000122070312,183.6699981689453,253800
2024-04-19,183.5500030517578,184.58999633789062,182.14999389648438,183.83999633789062,133800
2024-04-22,184.86000061035156,185.88999938964844,181.52000427246094,182.6999969482422,238100
2024-04-23,189.88999938964844,190.0800018310547,186.8300018310547,187.17999267578125,199500
2024-04-24,186.38999938964844,187.94000244140625,182.8800048828125,187.94000244140625,277400
2024-04-25,187.3300018310547,187.99000549316406,182.53500366210938,183.5800018310547,182500
2024-04-26,185.47000122070312,188.0449981689453,184.4199981689453,185.9199981689453,230900
2024-04-29,187.4199981689453,188.42999267578125,183.72000122070312,184.19000244140625,181600
2024-04-30,186.25999450683594,189.47000122070312,186.1199951171875,189.32000732421875,266700
2024-05-01,189.75999450683594,192.22999572753906,184.85000610351562,185.7100067138672,435600
2024-05-02,191.5800018310547,192.82000732421875,189.65499877929688,192.0500030517578,479800
2024-05-03,196.3800048828125,205.89999389648438,194.97000122070312,196.47000122070312,427000
2024-05-06,202.89999389648438,204.8000030517578,198.85000610351562,201.05999755859375,704900
2024-05-07,202.88999938964844,205.8000030517578,200.9600067138672,202.27000427246094,512200
2024-05-08,199.75999450683594,201.83999633789062,198.17999267578125,199.39999389648438,545300
2024-05-09,204.63999938964844,204.94000244140625,198.77000427246094,199.0800018310547,496300
2024-05-10,207.00999450683594,207.1999969482422,202.8000030517578,203.4499969482422,1385200
2024-05-13,204.1699981689453,205.71600341796875,201.3300018310547,204.6999969482422,1545200
2024-05-14,201.8000030517578,205.6999969482422,197.42999267578125,197.5800018310547,1463300
2024-05-15,211.72000122070312,212.3699951171875,206.08999633789062,206.08999633789062,1435400
2024-05-16,207.57000732421875,211.67999267578125,206.9199981689453,210.9199981689453,964400
2024-05-17,206.5,207.33999633789062,203.17999267578125,204.92999267578125,887900
2024-05-20,209.8000030517578,209.8699951171875,205.83999633789062,205.9600067138672,990600
2024-05-21,209.69000244140625,210.1199951171875,207.6199951171875,210.11000061035156,1039600
2024-05-22,206.42999267578125,208.30999755859375,203.22999572753906,207.55999755859375,987100
2024-05-23,199.8699951171875,206.5800018310547,196.88999938964844,205.83999633789062,1174600
2024-05-24,204.11000061035156,205.32000732421875,200.8699951171875,202.11000061035156,677900
2024-05-28,188.3300018310547,195.11000061035156,187.8800048828125,195.0,1395100
2024-05-29,185.8000030517578,187.25999450683594,183.75999450683594,186.30999755859375,1308500
2024-05-30,187.89999389648438,192.75,186.92999267578125,187.86000061035156,2287500
2024-05-31,192.08999633789062,192.5,188.4199981689453,188.47999572753906,2254100
2024-06-03,189.13999938964844,191.48500061035156,187.77999877929688,190.7899932861328,1068800
2024-06-04,191.6999969482422,192.39999389648438,189.92999267578125,190.5500030517578,1183400
2024-06-05,186.50999450683594,191.1999969482422,186.22000122070312,191.1999969482422,2117000
2024-06-06,190.52999877929688,191.74000549316406,188.13999938964844,188.25,3837400
2024-06-07,191.5500030517578,192.02000427246094,187.80999755859375,187.99000549316406,1038600
2024-06-10,186.8300018310547,189.19000244140625,186.60000610351562,189.19000244140625,876500
2024-06-11,183.14999389648438,186.1199951171875,182.00999450683594,185.72000122070312,2128800
2024-06-12,181.8300018310547,187.85000610351562,181.7050018310547,187.80999755859375,1322100
2024-06-13,178.5800018310547,183.17999267578125,178.1300048828125,182.64999389648438,1032800
2024-06-14,177.9600067138672,178.4949951171875,174.02999877929688,176.02999877929688,1159400
2024-06-17,188.80999755859375,189.91000366210938,178.8300018310547,179.8000030517578,2749800
2024-06-18,184.77000427246094,186.5500030517578,182.13999938964844,185.0500030517578,1188400
2024-06-20,190.39999389648438,191.0500030517578,185.5330047607422,186.10000610351562,1039300
2024-06-21,189.02999877929688,191.18499755859375,188.8249969482422,189.47000122070312,1728600
2024-06-24,187.30999755859375,187.6699981689453,185.1699981689453,185.77999877929688,1341400
2024-06-25,186.0500030517578,188.72999572753906,185.38999938964844,188.02999877929688,648100
2024-06-26,181.00999450683594,183.61000061035156,180.7899932861328,183.17999267578125,762900
2024-06-27,182.80999755859375,185.2899932861328,182.41000366210938,183.11000061035156,475900
2024-06-28,182.36000061035156,184.8300018310547,181.0399932861328,183.69000244140625,3251000
2024-07-01,186.30999755859375,187.0,183.52000427246094,186.3300018310547,1031500
2024-07-02,190.3800048828125,191.24000549316406,186.66000366210938,186.88999938964844,2316200
2024-07-03,193.9199981689453,194.97000122070312,191.97000122070312,192.9600067138672,479400
2024-07-05,195.16000366210938,198.7100067138672,193.94000244140625,198.42999267578125,956700
2024-07-08,197.4499969482422,200.99000549316406,197.2100067138672,199.5500030517578,986100
2024-07-09,198.92999267578125,199.75,196.9199981689453,197.5500030517578,524500
2024-07-10,198.47999572753906,201.4499969482422,198.1999969482422,200.9600067138672,849500
2024-07-11,203.47000122070312,203.77999877929688,200.10000610351562,200.88999938964844,1441800
2024-07-12,207.22999572753906,209.17999267578125,203.39999389648438,203.41000366210938,2322200
2024-07-15,207.2100067138672,208.58999633789062,205.07000732421875,205.6199951171875,1793200
2024-07-16,207.9499969482422,209.13999938964844,205.10000610351562,206.05999755859375,2158800
2024-07-17,203.52000427246094,206.74000549316406,203.52000427246094,204.6300048828125,699400
2024-07-18,199.77999877929688,202.6199951171875,199.39999389648438,201.7899932861328,776900
2024-07-19,200.9499969482422,201.41000366210938,196.72999572753906,197.35000610351562,901100
2024-07-22,203.2899932861328,203.99000549316406,200.11000061035156,201.0,946300
2024-07-23,203.0399932861328,203.8300018310547,201.6300048828125,203.8300018310547,498700
2024-07-24,195.00999450683594,202.17999267578125,194.72000122070312,201.6999969482422,593600
2024-07-25,195.1199951171875,196.47000122070312,191.11000061035156,192.80999755859375,1448100
2024-07-26,198.6300048828125,198.7899932861328,196.0800018310547,197.52999877929688,379400
2024-07-29,193.5,195.23500061035156,193.19000244140625,193.91000366210938,937600
2024-07-30,192.6300048828125,194.64999389648438,191.2100067138672,193.39999389648438,769500
2024-07-31,197.39999389648438,199.72999572753906,195.55999755859375,197.5,911400
2024-08-01,193.1300048828125,200.10000610351562,191.33999633789062,199.83999633789062,1660100
2024-08-02,187.58999633789062,189.27000427246094,184.83999633789062,187.9600067138672,1833500
2024-08-05,181.8300018310547,184.9199981689453,175.58999633789062,178.0,1164000
2024-08-06,181.22999572753906,185.94000244140625,180.2100067138672,181.17999267578125,1217600
2024-08-07,180.83999633789062,183.77000427246094,180.06500244140625,183.5500030517578,1162100
2024-08-08,191.4199981689453,191.4199981689453,183.72999572753906,184.85000610351562,1139800
2024-08-09,192.0,192.10000610351562,186.80999755859375,187.30999755859375,1297300
2024-08-12,188.3000030517578,190.72000122070312,187.16000366210938,190.1699981689453,2308500
2024-08-13,191.38999938964844,192.0500030517578,183.17999267578125,184.11000061035156,3981100
2024-08-14,206.8800048828125,215.19000244140625,205.49000549316406,209.11000061035156,7073600
2024-08-15,207.74000549316406,210.1999969482422,204.52000427246094,205.82000732421875,1804300
2024-08-16,208.0,208.9499969482422,204.57000732421875,208.14999389648438,1701800
2024-08-19,208.4600067138672,209.63999938964844,206.5,208.6999969482422,955000
2024-08-20,204.85000610351562,208.60000610351562,204.63999938964844,208.0,894000
2024-08-21,210.1300048828125,210.25999450683594,205.75999450683594,206.10000610351562,1247200
2024-08-22,209.35000610351562,213.91000366210938,208.14999389648438,213.91000366210938,1219700
2024-08-23,211.17999267578125,211.8000030517578,208.3350067138672,209.8699951171875,851000
2024-08-26,208.66000366210938,213.5500030517578,207.72999572753906,209.80999755859375,599800
2024-08-27,210.02000427246094,211.7100067138672,209.66000366210938,210.14999389648438,830100
2024-08-28,206.88999938964844,208.52000427246094,205.1199951171875,208.1199951171875,913800
2024-08-29,210.24000549316406,211.8800048828125,207.1929931640625,208.4600067138672,1485000
2024-08-30,212.41000366210938,215.82000732421875,210.58999633789062,210.58999633789062,8778100
2024-09-03,210.92999267578125,214.77999877929688,209.94000244140625,212.4600067138672,2264100
2024-09-04,212.0800018310547,213.47000122070312,207.52000427246094,208.0,1460900
2024-09-05,214.82000732421875,214.92999267578125,211.32000732421875,214.2100067138672,1940000
2024-09-06,213.6699981689453,216.3800048828125,210.22999572753906,214.9600067138672,2901500
2024-09-09,219.3000030517578,220.17999267578125,214.3800048828125,214.3800048828125,3815600
2024-09-10,219.42999267578125,219.8800048828125,215.66000366210938,219.63999938964844,1537300
2024-09-11,220.2100067138672,220.63999938964844,214.83999633789062,218.72999572753906,2351800
2024-09-12,219.5,221.27999877929688,218.2100067138672,221.02999877929688,2181100
2024-09-13,221.47000122070312,224.88999938964844,218.38999938964844,219.0,1627900
2024-09-16,224.33999633789062,225.3300018310547,222.38999938964844,223.02999877929688,2275300
2024-09-17,230.5500030517578,231.25999450683594,226.16000366210938,226.1999969482422,3808000
2024-09-18,229.0500030517578,232.0500030517578,228.0,231.5399932861328,1690800
2024-09-19,229.44000244140625,233.92999267578125,229.38999938964844,233.8800048828125,1719000
2024-09-20,231.86000061035156,234.5399932861328,227.6199951171875,229.00999450683594,16324300
2024-09-23,229.6199951171875,232.10000610351562,228.5800018310547,231.92999267578125,2502800
2024-09-24,228.1699981689453,231.11000061035156,226.17999267578125,228.9199981689453,1719100
2024-09-25,239.86000061035156,252.83900451660156,238.7550048828125,249.4199981689453,4320100
2024-09-26,244.02999877929688,250.17999267578125,242.30999755859375,245.35000610351562,2943000
2024-09-27,238.3300018310547,244.1999969482422,236.41600036621094,244.1999969482422,1860100
2024-09-30,237.27999877929688,237.77999877929688,234.16000366210938,237.77999877929688,2073800
2024-10-01,235.91000366210938,237.85499572753906,234.0800018310547,237.66000366210938,1057400
2024-10-02,232.66000366210938,235.38999938964844,232.0399932861328,234.35000610351562,799000
2024-10-03,234.91000366210938,235.4080047607422,230.5,230.5,818500
2024-10-04,237.52999877929688,238.13999938964844,234.66000366210938,236.07000732421875,1014500
2024-10-07,235.49000549316406,238.0800018310547,233.7100067138672,236.86000061035156,646900
2024-10-08,236.16000366210938,238.02999877929688,235.63999938964844,236.33999633789062,939600
2024-10-09,236.1300048828125,236.88999938964844,232.89999389648438,235.9499969482422,635900
2024-10-10,240.63999938964844,241.11900329589844,234.0,234.5,1631000
2024-10-11,219.5,244.1699981689453,217.6999969482422,239.49000549316406,5724300
2024-10-14,230.05999755859375,232.86000061035156,226.25999450683594,231.75,2982800
2024-10-15,225.9600067138672,229.2899932861328,225.0,228.77000427246094,991200
2024-10-16,227.99000549316406,228.02999877929688,225.44000244140625,225.72999572753906,1120900
2024-10-17,234.64999389648438,236.0850067138672,230.8350067138672,232.14999389648438,1663100
2024-10-18,232.3300018310547,235.16000366210938,231.5800018310547,234.6999969482422,1338700
2024-10-21,230.3800048828125,230.52999877929688,226.6999969482422,229.14999389648438,1425600
2024-10-22,231.3000030517578,231.6300048828125,227.08999633789062,228.66000366210938,1255400
2024-10-23,229.0,231.9499969482422,227.6300048828125,231.5399932861328,446500
2024-10-24,228.16000366210938,230.6649932861328,226.75,229.92999267578125,897500
2024-10-25,224.9199981689453,227.77999877929688,222.5,227.77999877929688,1376400
2024-10-28,226.0,228.5399932861328,223.19000244140625,225.02000427246094,1144300
2024-10-29,227.6199951171875,227.6199951171875,221.8800048828125,224.49000549316406,1779000
2024-10-30,236.8000030517578,244.0399932861328,233.42599487304688,241.91000366210938,3106900
2024-10-31,232.77000427246094,235.41000366210938,232.02000427246094,235.41000366210938,1329600
2024-11-01,231.16000366210938,234.6300048828125,231.16000366210938,233.64999389648438,912200
2024-11-04,227.1300048828125,231.42999267578125,227.02999877929688,230.3699951171875,843300
2024-11-05,229.14999389648438,229.41000366210938,226.0,227.22999572753906,1567700
2024-11-06,238.10000610351562,238.38999938964844,232.9199981689453,234.27999877929688,2263400
2024-11-07,237.97999572753906,239.75999450683594,236.0850067138672,237.19000244140625,2031500
2024-11-08,248.0399932861328,250.468994140625,236.92999267578125,237.1199951171875,2675600
2024-11-11,251.00999450683594,251.61000061035156,245.24000549316406,247.42999267578125,1568400
2024-11-12,248.1699981689453,249.3300018310547,242.35000610351562,242.35000610351562,2677000
2024-11-13,265.5199890136719,266.2200012207031,258.44000244140625,264.0299987792969,3531900
2024-11-14,267.0,269.8999938964844,262.79998779296875,262.79998779296875,2808500
2024-11-15,265.45001220703125,267.0950012207031,260.760009765625,262.8599853515625,2583100
2024-11-18,267.0,267.2300109863281,261.4150085449219,263.739990234375,1938100
2024-11-19,263.3900146484375,267.260009765625,262.75,265.0,1726100
2024-11-20,263.3699951171875,264.84100341796875,261.57000732421875,263.0,1591900
2024-11-21,266.7200012207031,270.9540100097656,262.7300109863281,263.69000244140625,1331700
2024-11-22,275.5199890136719,275.6300048828125,269.3699951171875,272.1300048828125,2329800
2024-11-25,278.3500061035156,279.0400085449219,274.4100036621094,276.3599853515625,3071600
2024-11-26,275.739990234375,278.0,274.82000732421875,277.55999755859375,1148000
2024-11-27,273.3299865722656,275.82000732421875,273.260009765625,273.8999938964844,683400
2024-11-29,276.32000732421875,277.5,272.82000732421875,273.29998779296875,554000
2024-12-02,278.0,278.0299987792969,273.760009765625,275.0,878600
2024-12-03,282.6400146484375,282.7149963378906,279.635009765625,279.82000732421875,1279900
2024-12-04,278.0199890136719,282.70001220703125,272.5799865722656,282.70001220703125,1358100
2024-12-05,279.6099853515625,281.2200012207031,278.1600036621094,278.8299865722656,1371500
2024-12-06,280.3800048828125,284.7900085449219,272.13299560546875,281.6499938964844,1536000
2024-12-09,271.5199890136719,278.5899963378906,271.0,275.6400146484375,2045500
2024-12-10,274.7099914550781,277.05499267578125,271.6000061035156,271.6000061035156,1349100
2024-12-11,277.4700012207031,280.5950012207031,276.5299987792969,280.3399963378906,1021100
2024-12-12,281.1499938964844,281.8900146484375,276.5,276.5,1091500
2024-12-13,277.7099914550781,283.45001220703125,275.8299865722656,283.45001220703125,1224500
2024-12-16,275.9599914550781,278.6199951171875,275.07000732421875,275.8999938964844,1153700
2024-12-17,273.25,275.6000061035156,272.0,275.6000061035156,1768800
2024-12-18,265.4100036621094,275.3999938964844,262.4800109863281,273.42999267578125,1172900
2024-12-19,261.3399963378906,268.6700134277344,259.1300048828125,267.1000061035156,1215000
2024-12-20,264.7799987792969,266.6199951171875,259.7799987792969,261.45001220703125,3256100
2024-12-23,261.0299987792969,263.9700012207031,259.1199951171875,263.9700012207031,980800
2024-12-24,261.489990234375,262.8999938964844,257.8900146484375,260.989990234375,470400
2024-12-26,259.2900085449219,263.30999755859375,258.6000061035156,262.0,589700
2024-12-27,261.79998779296875,262.45001220703125,258.5400085449219,259.3399963378906,979100
2024-12-30,258.0400085449219,261.6400146484375,257.54998779296875,260.04998779296875,896700
2024-12-31,258.45001220703125,261.4200134277344,256.739990234375,258.29998779296875,740900
2025-01-02,254.63999938964844,260.1400146484375,254.38999938964844,257.989990234375,1021900
2025-01-03,256.760009765625,256.760009765625,251.80999755859375,255.91000366210938,981900
2025-01-06,255.1199951171875,260.6000061035156,254.77999877929688,258.489990234375,1071500
2025-01-07,251.86000061035156,260.42999267578125,251.5399932861328,259.07000732421875,1210300
2025-01-08,255.8800048828125,256.3800048828125,249.45799255371094,250.0,1927100
2025-01-10,254.0,255.2100067138672,247.74000549316406,249.60000610351562,1598500
2025-01-13,256.6000061035156,257.239990234375,251.5399932861328,253.0,1004900
2025-01-14,259.6000061035156,263.5299987792969,258.04998779296875,260.6499938964844,1645000
2025-01-15,255.30999755859375,265.0799865722656,248.39999389648438,265.0799865722656,1698700
2025-01-16,257.55999755859375,259.95001220703125,254.99000549316406,257.67999267578125,1237000
2025-01-17,263.1000061035156,263.3599853515625,259.8349914550781,261.1000061035156,1200600
2025-01-21,269.1300048828125,273.67999267578125,267.55499267578125,268.4800109863281,1466300
2025-01-22,266.82000732421875,273.69500732421875,266.2149963378906,273.1000061035156,1131200
2025-01-23,267.8900146484375,269.54998779296875,264.95001220703125,265.0400085449219,1002600
2025-01-24,267.2699890136719,269.67999267578125,265.8999938964844,267.1600036621094,894100
2025-01-27,262.69000244140625,264.6199951171875,259.760009765625,263.8900146484375,1268400
2025-01-28,267.69000244140625,268.2699890136719,264.2900085449219,264.9100036621094,1032700
2025-01-29,268.6300048828125,268.67999267578125,265.45001220703125,266.1600036621094,618100
2025-01-30,271.989990234375,274.2799987792969,270.17999267578125,271.5299987792969,1089700
2025-01-31,266.9700012207031,273.55499267578125,266.32000732421875,272.5299987792969,1068800
2025-02-03,263.44000244140625,265.2300109863281,261.1499938964844,263.239990234375,765000
2025-02-04,263.3500061035156,264.29998779296875,258.8550109863281,259.29998779296875,1503900
2025-02-05,266.239990234375,268.0299987792969,261.80999755859375,266.6600036621094,1031400
2025-02-06,266.1199951171875,267.20001220703125,263.1789855957031,263.6199951171875,1176600
2025-02-07,268.5400085449219,268.6000061035156,265.07000732421875,266.8299865722656,846300
2025-02-10,269.29998779296875,270.6700134277344,265.0450134277344,270.25,1275300
2025-02-11,269.17999267578125,271.2099914550781,262.260009765625,267.7099914550781,1986600
2025-02-12,278.3999938964844,278.3999938964844,268.2099914550781,269.17999267578125,1833600
2025-02-13,282.2200012207031,283.9599914550781,274.67498779296875,281.5199890136719,1638700
2025-02-14,298.80999755859375,299.7300109863281,283.6700134277344,290.2300109863281,3875100
2025-02-18,294.2799987792969,297.45001220703125,290.8800048828125,295.1000061035156,2256400
2025-02-19,291.75,293.8699951171875,289.44000244140625,291.0799865722656,1091400
2025-02-20,287.739990234375,290.8500061035156,283.1199951171875,290.2900085449219,1207800
2025-02-21,272.6099853515625,287.2699890136719,272.1400146484375,286.1300048828125,1641500
2025-02-24,270.260009765625,274.30999755859375,267.9100036621094,272.19000244140625,1520800
2025-02-25,260.489990234375,272.2900085449219,255.5,271.6400146484375,3825000
2025-02-26,273.2200012207031,275.5,264.55499267578125,264.8699951171875,2112000
2025-02-27,271.7699890136719,276.8900146484375,269.6449890136719,269.8900146484375,1285500
2025-02-28,280.5899963378906,280.7799987792969,270.9200134277344,271.5799865722656,2031500
2025-03-03,271.20001220703125,281.3999938964844,269.239990234375,279.8500061035156,1693600
2025-03-04,266.1499938964844,269.4200134277344,259.04998779296875,268.5899963378906,2419100
2025-03-05,269.9700012207031,272.42999267578125,263.0,267.06500244140625,3053300
2025-03-06,257.2099914550781,264.42999267578125,254.9199981689453,262.04998779296875,2570900
2025-03-07,248.25999450683594,256.04998779296875,239.3699951171875,255.05499267578125,3095800
2025-03-10,227.5,243.1750030517578,219.00999450683594,243.1199951171875,6211900
2025-03-11,231.1199951171875,234.97999572753906,226.47000122070312,229.3800048828125,3532400
2025-03-12,234.00999450683594,242.99000549316406,231.07000732421875,238.0500030517578,2755000
2025-03-13,231.4600067138672,236.61500549316406,231.2899932861328,233.6649932861328,2045800
2025-03-14,237.24000549316406,237.66000366210938,233.33999633789062,233.9199981689453,1675900
2025-03-17,239.4199981689453,239.89999389648438,234.9600067138672,235.1999969482422,2005900
2025-03-18,234.0399932861328,241.9600067138672,232.8699951171875,239.74000549316406,2243000
2025-03-19,241.6699981689453,243.69000244140625,233.89999389648438,236.2899932861328,2144500
2025-03-20,240.85000610351562,245.3350067138672,240.07000732421875,241.5,2822900
2025-03-21,241.0,243.67999267578125,236.60000610351562,237.75999450683594,5441400
2025-03-24,246.49000549316406,248.3800048828125,243.02499389648438,243.02999877929688,2411100
2025-03-25,241.1199951171875,246.1300048828125,238.8800048828125,245.75,2948700
2025-03-26,236.25999450683594,238.9550018310547,234.77999877929688,238.27999877929688,2956100
2025-03-27,237.2899932861328,239.17999267578125,234.4949951171875,235.6199951171875,3506700
2025-03-28,228.82000732421875,238.5500030517578,226.9199981689453,237.7050018310547,3312400
2025-03-31,221.5500030517578,223.91000366210938,214.08999633789062,221.8800048828125,5035000
2025-04-01,222.82000732421875,222.94000244140625,214.27000427246094,220.5399932861328,3569000
2025-04-02,229.4499969482422,231.35000610351562,223.8800048828125,224.6300048828125,2795300
2025-04-03,217.6199951171875,221.27499389648438,214.88499450683594,216.72000122070312,2788100
2025-04-04,206.32000732421875,210.94000244140625,202.3800048828125,206.32000732421875,3987200
2025-04-07,213.22999572753906,219.69000244140625,196.875,200.88999938964844,3669200
2025-04-08,212.5,224.50999450683594,210.44000244140625,218.7899932861328,4672300
2025-04-09,236.6699981689453,239.9499969482422,211.6199951171875,214.0399932861328,4330900
2025-04-10,229.64999389648438,231.75999450683594,220.94000244140625,228.19000244140625,2127000
2025-04-11,231.75999450683594,232.55999755859375,224.3300018310547,228.88999938964844,2606500
2025-04-14,232.5800018310547,235.85499572753906,229.97999572753906,235.77000427246094,1665800
2025-04-15,229.89999389648438,235.3249969482422,228.3300018310547,234.9600067138672,1685100
2025-04-16,227.17999267578125,227.9600067138672,222.47000122070312,225.3699951171875,1664200
2025-04-17,227.66000366210938,230.74000549316406,225.9550018310547,228.1699981689453,1658700
2025-04-21,221.5,226.5749969482422,218.60000610351562,226.08999633789062,1127200
2025-04-22,227.60000610351562,228.4600067138672,219.22999572753906,221.1699981689453,2066600
2025-04-23,231.91000366210938,236.83999633789062,230.1300048828125,233.8000030517578,1518100
2025-04-24,230.2899932861328,233.52499389648438,229.47999572753906,230.52999877929688,2924900
2025-04-25,233.14999389648438,233.25,227.39500427246094,229.3000030517578,2359800
2025-04-28,235.27999877929688,238.2100067138672,232.00999450683594,235.00999450683594,2158700
2025-04-29,238.6199951171875,239.38999938964844,235.72999572753906,235.83999633789062,1424800
2025-04-30,240.99000549316406,241.01499938964844,233.10000610351562,234.94000244140625,1301600
2025-05-01,242.11000061035156,244.27000427246094,241.57000732421875,243.02999877929688,1534100
2025-05-02,248.67999267578125,250.0,245.28500366210938,245.82000732421875,1354600
2025-05-05,249.25,251.5,247.30299377441406,248.0,1586100
2025-05-06,245.41000366210938,249.3800048828125,244.3800048828125,248.8000030517578,2181700
2025-05-07,242.36000061035156,245.6699981689453,241.5399932861328,242.92999267578125,2445000
2025-05-08,241.19000244140625,246.6999969482422,230.625,235.10000610351562,4609400
2025-05-09,234.47000122070312,244.99000549316406,234.4499969482422,243.80499267578125,1691400
2025-05-12,247.22999572753906,248.25,242.50999450683594,246.68499755859375,1832800
2025-05-13,241.83999633789062,246.9499969482422,241.69500732421875,246.9499969482422,1647900
2025-05-14,248.0500030517578,249.13999938964844,240.27999877929688,242.25,1373200
2025-05-15,244.10000610351562,246.3300018310547,241.9499969482422,245.32000732421875,1125600
2025-05-16,249.00999450683594,250.94000244140625,243.9199981689453,244.9499969482422,1501800
2025-05-19,249.35000610351562,250.42999267578125,246.6199951171875,247.9600067138672,1186700
2025-05-20,246.88999938964844,249.44000244140625,245.30499267578125,248.4600067138672,1428000
2025-05-21,239.9600067138672,246.56500244140625,239.72500610351562,244.0,1773700
2025-05-22,238.1699981689453,240.80999755859375,237.10000610351562,239.74000549316406,1504200
2025-05-23,240.97999572753906,243.5,234.3800048828125,234.80999755859375,1188100
2025-05-27,245.22000122070312,245.6999969482422,241.5500030517578,242.14999389648438,1873900
2025-05-28,246.88999938964844,247.7449951171875,244.5500030517578,245.57000732421875,1157500
2025-05-29,249.25,249.3699951171875,245.49000549316406,247.80999755859375,1006300
2025-05-30,252.6999969482422,253.67999267578125,248.47000122070312,249.5,2029300
2025-06-02,245.8300018310547,249.2899932861328,243.0,243.61500549316406,2740700
2025-06-03,246.57000732421875,248.82000732421875,244.625,245.66000366210938,886700
2025-06-04,244.0800018310547,246.25,243.27000427246094,245.7100067138672,1095000
2025-06-05,242.64999389648438,245.2100067138672,242.05999755859375,244.1199951171875,1327000
2025-06-06,249.58999633789062,250.4600067138672,244.05999755859375,245.02000427246094,1944000
2025-06-09,263.5199890136719,264.0799865722656,257.7550048828125,260.5299987792969,4286500
2025-06-10,267.510009765625,268.69000244140625,258.7300109863281,263.2799987792969,2760500
2025-06-11,269.3599853515625,273.1600036621094,268.42999267578125,268.5,2222600
2025-06-12,271.3900146484375,272.32501220703125,266.4949951171875,267.57000732421875,1670300
2025-06-13,264.6099853515625,271.2699890136719,263.19000244140625,267.760009765625,2621900
2025-06-16,270.05999755859375,274.1600036621094,266.5,267.0,2124200
2025-06-17,271.6000061035156,272.2300109863281,267.3699951171875,268.5350036621094,5352200
2025-06-18,272.4700012207031,276.45001220703125,270.510009765625,274.20001220703125,6452300
2025-06-20,263.75,272.1400146484375,263.3599853515625,271.8900146484375,7235000
2025-06-23,270.5299987792969,271.57000732421875,262.875,263.1700134277344,6085400
2025-06-24,275.8299865722656,277.0400085449219,270.57000732421875,272.7799987792969,5820600
2025-06-25,267.9800109863281,277.739990234375,267.7200012207031,277.4800109863281,3382800
2025-06-26,271.260009765625,271.2699890136719,266.9200134277344,269.260009765625,2864900
2025-06-27,278.67999267578125,279.67999267578125,270.80999755859375,272.17999267578125,18373200
2025-06-30,285.760009765625,286.3399963378906,279.9700012207031,282.2300109863281,3275300
2025-07-01,284.760009765625,285.1000061035156,279.9599914550781,282.0299987792969,2686400
2025-07-02,282.3299865722656,283.9800109863281,278.67999267578125,282.55999755859375,2721600
2025-07-03,281.04998779296875,282.364990234375,279.2149963378906,282.1199951171875,1138200
2025-07-07,282.8500061035156,285.19000244140625,278.5249938964844,280.29998779296875,1510700
2025-07-08,285.239990234375,288.5,283.2099914550781,286.739990234375,2600400
2025-07-09,286.3299865722656,287.07000732421875,281.3699951171875,286.0,1830400
2025-07-10,289.5799865722656,292.489990234375,285.010009765625,287.6099853515625,1633600
2025-07-11,289.8900146484375,290.9949951171875,288.260009765625,290.4100036621094,1447000
2025-07-14,295.1199951171875,296.1000061035156,288.06500244140625,288.9200134277344,2524600
2025-07-15,293.4100036621094,296.67999267578125,290.0299987792969,295.75,1670000
2025-07-16,296.260009765625,298.5799865722656,293.07000732421875,294.760009765625,1850800
2025-07-17,304.7900085449219,305.489990234375,294.30999755859375,295.7300109863281,2317500
2025-07-18,306.7900085449219,309.7699890136719,305.42999267578125,308.6499938964844,1914600
2025-07-21,302.5299987792969,305.7699890136719,296.8949890136719,300.0400085449219,2497000
2025-07-22,301.7200012207031,305.44000244140625,297.6000061035156,305.44000244140625,1985700
2025-07-23,305.4800109863281,305.4800109863281,300.57000732421875,302.8800048828125,1603900
2025-07-24,300.0400085449219,306.5799865722656,299.92999267578125,305.8599853515625,2202800
2025-07-25,300.5249938964844,301.20001220703125,298.9599914550781,301.0,595350
